"respondent_id","tasks","profile_rows","finished","progress","all_primary_demographics_missing","primary_demographics_valid","final_analysis_sample","exclusion_reason"
"R_02LtLl5av6RqSoV",3,6,TRUE,100,FALSE,TRUE,TRUE,"included"
"R_02Ovf3u8rVgHH1L",3,6,TRUE,100,FALSE,TRUE,TRUE,"included"
"R_0IcPAZ17Wz5YMmZ",3,6,TRUE,100,FALSE,TRUE,TRUE,"included"
"R_0Nbk0VrjGIe0OWJ",3,6,TRUE,100,FALSE,TRUE,TRUE,"included"
"R_0OJKdFonuDMH9jv",3,6,TRUE,100,FALSE,TRUE,TRUE,"included"
"R_0c7nzjtPbGnlku5",3,6,TRUE,100,FALSE,TRUE,TRUE,"included"
"R_0i8IfS0nWeLOOJj",3,6,TRUE,100,FALSE,TRUE,TRUE,"included"
"R_0jG80dv472mj0NX",3,6,TRUE,100,FALSE,TRUE,TRUE,"included"
"R_0puQ4VO2GtgmTOV",3,6,TRUE,100,FALSE,TRUE,TRUE,"included"
"R_10C9TVuFosWPNpD",3,6,TRUE,100,FALSE,TRUE,TRUE,"included"
"R_10Nlsk7bbq8ZbkQ",3,6,TRUE,100,FALSE,TRUE,TRUE,"included"
"R_10YhpE4rPTwiQUb",3,6,TRUE,100,FALSE,TRUE,TRUE,"included"
"R_111NMzhKROIwB8o",3,6,TRUE,100,FALSE,TRUE,TRUE,"included"
"R_11ZTSOblhFc9Um8",3,6,TRUE,100,FALSE,TRUE,TRUE,"included"
"R_11aOblsbJDxxHQE",3,6,TRUE,100,FALSE,TRUE,TRUE,"included"
"R_11cQV08eEOxed0P",3,6,TRUE,100,FALSE,TRUE,TRUE,"included"
"R_11hJf6WxW4d9pnb",3,6,TRUE,100,FALSE,TRUE,TRUE,"included"
"R_12093CZ8DEiXK8M",3,6,TRUE,100,FALSE,TRUE,TRUE,"included"
"R_125ZJxPDgHGLDEz",3,6,TRUE,100,FALSE,TRUE,TRUE,"included"
"R_129AoCEU5MEyG6k",3,6,TRUE,100,FALSE,TRUE,TRUE,"included"
"R_12J46rkHhEJV3Up",3,6,TRUE,100,FALSE,TRUE,TRUE,"included"
"R_12KCWJP3gC7Chmm",3,6,TRUE,100,FALSE,TRUE,TRUE,"included"
"R_12L94FvYZ5yy6TN",3,6,TRUE,100,FALSE,TRUE,TRUE,"included"
"R_12ROcKrB4kbFB1q",3,6,TRUE,100,FALSE,TRUE,TRUE,"included"
"R_12bCeKFjYoiA0yI",3,6,TRUE,100,FALSE,TRUE,TRUE,"included"
"R_12hbHUMt6UaJ4eb",3,6,TRUE,100,FALSE,TRUE,TRUE,"included"
"R_12lizcmNXfPIjHz",3,6,TRUE,100,FALSE,TRUE,TRUE,"included"
"R_12m4FxM4zkxhexR",3,6,TRUE,100,FALSE,TRUE,TRUE,"included"
"R_12mvd6FHtcuL09Y",3,6,TRUE,100,FALSE,TRUE,TRUE,"included"
"R_12oqMYJUsJVMIDJ",3,6,TRUE,100,FALSE,TRUE,TRUE,"included"
"R_12zlBj0FvmWVLp0",3,6,TRUE,100,FALSE,TRUE,TRUE,"included"
"R_1BWWEjVZsPSgznB",3,6,TRUE,100,FALSE,TRUE,TRUE,"included"
"R_1C2qlJKX9zyCt2A",3,6,TRUE,100,FALSE,TRUE,TRUE,"included"
"R_1CBCsWpk9lc8yhi",3,6,TRUE,100,FALSE,TRUE,TRUE,"included"
"R_1CKnkNNorl71FXU",3,6,TRUE,100,FALSE,TRUE,TRUE,"included"
"R_1Cg5FKZuFhdplMe",3,6,TRUE,100,FALSE,TRUE,TRUE,"included"
"R_1CpAfEoOK0cFusA",3,6,TRUE,100,FALSE,TRUE,TRUE,"included"
"R_1DChGdA4xaDNVEO",3,6,TRUE,100,FALSE,TRUE,TRUE,"included"
"R_1DHg4irsuEtViYc",3,6,TRUE,100,FALSE,TRUE,TRUE,"included"
"R_1DSGd65LvzLrB3C",3,6,TRUE,100,FALSE,TRUE,TRUE,"included"
"R_1DShX2vfWta4qf7",3,6,TRUE,100,FALSE,TRUE,TRUE,"included"
"R_1DUT04XvajjbAuF",3,6,TRUE,100,FALSE,TRUE,TRUE,"included"
"R_1DVdyoAkFV7craH",3,6,TRUE,100,FALSE,TRUE,TRUE,"included"
"R_1DoS5mDcUUAOi5d",3,6,FALSE,78,TRUE,FALSE,FALSE,"invalid_primary_gender+age+income+education+party+region+employment"
"R_1Dx0OU7eC4FUUB0",3,6,TRUE,100,FALSE,TRUE,TRUE,"included"
"R_1E9ZFwvgPSKR7lr",3,6,TRUE,100,FALSE,TRUE,TRUE,"included"
"R_1Eb1ICVZFhabJYn",3,6,TRUE,100,FALSE,TRUE,TRUE,"included"
"R_1EcDqAX60EsSZf8",3,6,TRUE,100,FALSE,TRUE,TRUE,"included"
"R_1Egogpg1grGtgYU",3,6,TRUE,100,FALSE,TRUE,TRUE,"included"
"R_1Eh5GPQU0Wo5iFm",3,6,TRUE,100,FALSE,TRUE,TRUE,"included"
"R_1F53oPTZw1iXBgv",3,6,TRUE,100,FALSE,TRUE,TRUE,"included"
"R_1FEOSjhOKTMEYh7",3,6,TRUE,100,FALSE,TRUE,TRUE,"included"
"R_1FK8nqTK4av38Lx",3,6,TRUE,100,FALSE,TRUE,TRUE,"included"
"R_1FaLeQM3SO3VUPa",3,6,TRUE,100,FALSE,TRUE,TRUE,"included"
"R_1FaccsaqibRXmeo",3,6,TRUE,100,FALSE,TRUE,TRUE,"included"
"R_1FkShFSJapryBOQ",3,6,TRUE,100,FALSE,TRUE,TRUE,"included"
"R_1FmFJcnq6EvTkAN",3,6,TRUE,100,FALSE,TRUE,TRUE,"included"
"R_1FmqjJ8J0QkpWfw",3,6,TRUE,100,FALSE,TRUE,TRUE,"included"
"R_1FncJ0X4CMo6une",3,6,TRUE,100,FALSE,TRUE,TRUE,"included"
"R_1FqAd4LcqJ1t8ci",3,6,TRUE,100,FALSE,TRUE,TRUE,"included"
"R_1FwBJpHD9AJsTdG",3,6,TRUE,100,FALSE,TRUE,TRUE,"included"
"R_1FzifQQECRrUpcn",3,6,TRUE,100,FALSE,TRUE,TRUE,"included"
"R_1GHMMeKRsAmRnw4",3,6,TRUE,100,TRUE,FALSE,FALSE,"invalid_primary_gender+age+income+education+party+region+employment"
"R_1GQDAwE0pqLOpEN",3,6,TRUE,100,FALSE,TRUE,TRUE,"included"
"R_1GUrAYAY3Z2aiHS",3,6,TRUE,100,FALSE,TRUE,TRUE,"included"
"R_1H77vcFk2xrztHa",3,6,TRUE,100,FALSE,TRUE,TRUE,"included"
"R_1HdeCh6HYc3psEC",3,6,TRUE,100,FALSE,TRUE,TRUE,"included"
"R_1Heg003AYkrit8m",3,6,TRUE,100,FALSE,TRUE,TRUE,"included"
"R_1Hix2CEquR72Y1n",3,6,TRUE,100,FALSE,TRUE,TRUE,"included"
"R_1I7aE2kLnEkAaMr",3,6,TRUE,100,FALSE,TRUE,TRUE,"included"
"R_1IEma5ghkwnIXip",3,6,TRUE,100,TRUE,FALSE,FALSE,"invalid_primary_gender+age+income+education+party+region+employment"
"R_1IKqtESoRFTtxbz",3,6,TRUE,100,FALSE,TRUE,TRUE,"included"
"R_1IRXhg1qXSxVU16",3,6,TRUE,100,FALSE,TRUE,TRUE,"included"
"R_1IRi6CqKQpkaBa8",3,6,TRUE,100,FALSE,TRUE,TRUE,"included"
"R_1ITabWX3CGdD2MG",3,6,TRUE,100,FALSE,TRUE,TRUE,"included"
"R_1IWCd9uDqgYIWwP",3,6,TRUE,100,FALSE,TRUE,TRUE,"included"
"R_1IjbjdUm25yY9KK",3,6,TRUE,100,FALSE,TRUE,TRUE,"included"
"R_1IoXEZvR5mSkoKw",3,6,TRUE,100,FALSE,TRUE,TRUE,"included"
"R_1IrODQAHiuQRL81",3,6,TRUE,100,TRUE,FALSE,FALSE,"invalid_primary_gender+age+income+education+party+region+employment"
"R_1IsLtChziYDpXph",3,6,TRUE,100,TRUE,FALSE,FALSE,"invalid_primary_gender+age+income+education+party+region+employment"
"R_1IsjHxqQ9KxLlzz",3,6,TRUE,100,FALSE,TRUE,TRUE,"included"
"R_1JIsuDDRcVcq03F",3,6,TRUE,100,FALSE,TRUE,TRUE,"included"
"R_1JJvzfmriyd8FTC",3,6,TRUE,100,FALSE,TRUE,TRUE,"included"
"R_1JRvjDqXRWo6PTj",3,6,TRUE,100,FALSE,TRUE,TRUE,"included"
"R_1JVfRNmmQRIoOfu",3,6,TRUE,100,FALSE,TRUE,TRUE,"included"
"R_1JWUjZ2MLbVqL4B",3,6,TRUE,100,FALSE,TRUE,TRUE,"included"
"R_1K0uJdrb9MOw2N1",3,6,TRUE,100,FALSE,TRUE,TRUE,"included"
"R_1KdPDGOotmtkeyU",3,6,TRUE,100,FALSE,TRUE,TRUE,"included"
"R_1KgcPxqIk4g8Nhx",3,6,TRUE,100,FALSE,TRUE,TRUE,"included"
"R_1KiEZ1uPDSSCC6s",3,6,TRUE,100,FALSE,TRUE,TRUE,"included"
"R_1Kj3WlPowNqzYRd",3,6,TRUE,100,FALSE,TRUE,TRUE,"included"
"R_1Kkj9QElP5vVTMo",3,6,TRUE,100,FALSE,TRUE,TRUE,"included"
"R_1Kmapnq3B6BksWn",3,6,TRUE,100,FALSE,TRUE,TRUE,"included"
"R_1KqDN4kWw9qa2T3",3,6,TRUE,100,FALSE,TRUE,TRUE,"included"
"R_1Kr3iU66KHihnZU",3,6,TRUE,100,TRUE,FALSE,FALSE,"invalid_primary_gender+age+income+education+party+region+employment"
"R_1LEe2Ddt7tgqJod",3,6,TRUE,100,FALSE,TRUE,TRUE,"included"
"R_1LNYqj0Wg74Z6CJ",3,6,TRUE,100,FALSE,TRUE,TRUE,"included"
"R_1LO2IZxC1PTo3i1",3,6,TRUE,100,FALSE,TRUE,TRUE,"included"
"R_1LSu0eIYCDhzBBF",3,6,TRUE,100,FALSE,TRUE,TRUE,"included"
"R_1LeCj7oZld0IUeT",3,6,TRUE,100,FALSE,TRUE,TRUE,"included"
"R_1M58P0nLUPUjjGu",3,6,TRUE,100,FALSE,TRUE,TRUE,"included"
"R_1M5SjGL608atGwH",3,6,TRUE,100,FALSE,TRUE,TRUE,"included"
"R_1M6SMC74i4jwMSu",3,6,TRUE,100,FALSE,TRUE,TRUE,"included"
"R_1MQwAnTfnQV77jP",3,6,TRUE,100,FALSE,TRUE,TRUE,"included"
"R_1N1VzR5X4TfQzrZ",3,6,TRUE,100,FALSE,TRUE,TRUE,"included"
"R_1N2IUBmFbh8FCiF",3,6,TRUE,100,FALSE,TRUE,TRUE,"included"
"R_1NCxruetSEURs0J",3,6,TRUE,100,FALSE,TRUE,TRUE,"included"
"R_1NEf3vAQiCQg9Fj",3,6,TRUE,100,FALSE,TRUE,TRUE,"included"
"R_1NEnKe0ya9oZJ6a",3,6,TRUE,100,FALSE,TRUE,TRUE,"included"
"R_1NbivaIzV1WvOlB",3,6,TRUE,100,FALSE,TRUE,TRUE,"included"
"R_1NelG9mc4z9V3Bj",3,6,TRUE,100,FALSE,TRUE,TRUE,"included"
"R_1Nk4Qh3fynMByQH",3,6,TRUE,100,FALSE,TRUE,TRUE,"included"
"R_1Nyr4feqfnbALaL",3,6,TRUE,100,FALSE,TRUE,TRUE,"included"
"R_1Nz7QWWTfTRqyKH",3,6,TRUE,100,FALSE,TRUE,TRUE,"included"
"R_1NzicWIc8gITOOS",3,6,TRUE,100,FALSE,TRUE,TRUE,"included"
"R_1OIELeo3fRT9Jwo",3,6,TRUE,100,FALSE,TRUE,TRUE,"included"
"R_1OIdSRXfUTvlnpq",3,6,TRUE,100,FALSE,TRUE,TRUE,"included"
"R_1OMJIDvP9zFWDxu",3,6,TRUE,100,FALSE,TRUE,TRUE,"included"
"R_1ONNMpV82IGlwFM",3,6,TRUE,100,FALSE,TRUE,TRUE,"included"
"R_1OPFkNCKdrWf21T",3,6,TRUE,100,FALSE,TRUE,TRUE,"included"
"R_1OV2XaoXsutbrc1",3,6,TRUE,100,FALSE,TRUE,TRUE,"included"
"R_1OZ8Bnk98r88K3m",3,6,TRUE,100,FALSE,TRUE,TRUE,"included"
"R_1OZxfl0mkkGnP6v",3,6,TRUE,100,FALSE,TRUE,TRUE,"included"
"R_1OpB9WtVoNGM1pc",3,6,TRUE,100,FALSE,TRUE,TRUE,"included"
"R_1OvEwWvVZE1cfaP",3,6,TRUE,100,FALSE,TRUE,TRUE,"included"
"R_1OvpkfEwskSWHNJ",3,6,TRUE,100,FALSE,TRUE,TRUE,"included"
"R_1P11tGzA5zsm0qE",3,6,TRUE,100,FALSE,TRUE,TRUE,"included"
"R_1P1AzrACiR5Bs2S",3,6,TRUE,100,FALSE,TRUE,TRUE,"included"
"R_1PT0xG3b7nlX6Iv",3,6,TRUE,100,FALSE,TRUE,TRUE,"included"
"R_1PY2RstkQUnzSci",3,6,TRUE,100,FALSE,TRUE,TRUE,"included"
"R_1Q5U1IUQoVVHrvJ",3,6,TRUE,100,FALSE,TRUE,TRUE,"included"
"R_1Q9jX0O1pOaaccW",3,6,TRUE,100,FALSE,TRUE,TRUE,"included"
"R_1QAB6vUFRGzZZpT",3,6,TRUE,100,FALSE,TRUE,TRUE,"included"
"R_1QDWSkxd692808w",3,6,TRUE,100,FALSE,TRUE,TRUE,"included"
"R_1QGATzXwBPpTn99",3,6,TRUE,100,FALSE,TRUE,TRUE,"included"
"R_1QKLr2uDSmpmRHv",3,6,TRUE,100,TRUE,FALSE,FALSE,"invalid_primary_gender+age+income+education+party+region+employment"
"R_1QfpYduQei4iMSZ",3,6,TRUE,100,FALSE,TRUE,TRUE,"included"
"R_1QgyfJAv3ccLprj",3,6,TRUE,100,FALSE,TRUE,TRUE,"included"
"R_1QmaZsRUZsKnERn",3,6,TRUE,100,FALSE,TRUE,TRUE,"included"
"R_1d0to4qTJQgs4R5",3,6,TRUE,100,FALSE,TRUE,TRUE,"included"
"R_1d4Qlp9RfToJApc",3,6,TRUE,100,FALSE,TRUE,TRUE,"included"
"R_1d4yeY2lCFSnHYI",3,6,TRUE,100,FALSE,TRUE,TRUE,"included"
"R_1dLDXMxsTl3HkLd",3,6,TRUE,100,FALSE,TRUE,TRUE,"included"
"R_1db010cxwAz4lJX",3,6,TRUE,100,FALSE,TRUE,TRUE,"included"
"R_1dcsuvjVaoyGQYQ",3,6,TRUE,100,FALSE,TRUE,TRUE,"included"
"R_1di9vNTi6ArtRsx",3,6,TRUE,100,FALSE,TRUE,TRUE,"included"
"R_1dmge1uE9kFQi0G",3,6,TRUE,100,FALSE,TRUE,TRUE,"included"
"R_1dn4eiXLv8v1ePu",3,6,TRUE,100,FALSE,TRUE,TRUE,"included"
"R_1duzmFEDUCj0aRr",3,6,TRUE,100,FALSE,TRUE,TRUE,"included"
"R_1dyrWFtArP5TkgI",3,6,TRUE,100,FALSE,TRUE,TRUE,"included"
"R_1eEijBQoxCp56zj",3,6,TRUE,100,FALSE,TRUE,TRUE,"included"
"R_1ewXzqeRtlUui1d",3,6,TRUE,100,FALSE,TRUE,TRUE,"included"
"R_1ewpC5JBgFCGS77",3,6,TRUE,100,FALSE,TRUE,TRUE,"included"
"R_1f2BIuc3QT9yRkR",3,6,TRUE,100,FALSE,TRUE,TRUE,"included"
"R_1f32iTGi1WDamFD",3,6,TRUE,100,FALSE,TRUE,TRUE,"included"
"R_1f6DZ8nDgYzr3mo",3,6,TRUE,100,FALSE,TRUE,TRUE,"included"
"R_1f8EqJGF77f3KbJ",3,6,TRUE,100,FALSE,TRUE,TRUE,"included"
"R_1febCtVBj9b0SPE",3,6,TRUE,100,FALSE,TRUE,TRUE,"included"
"R_1g0grlm1Q1aS4ec",3,6,TRUE,100,FALSE,TRUE,TRUE,"included"
"R_1g1mfn3y64mR3oa",3,6,TRUE,100,TRUE,FALSE,FALSE,"invalid_primary_gender+age+income+education+party+region+employment"
"R_1gGAXmujpS0ABbl",3,6,TRUE,100,FALSE,TRUE,TRUE,"included"
"R_1gMVJqLT2Qlkr4Y",3,6,TRUE,100,FALSE,TRUE,TRUE,"included"
"R_1gMWSBQTrCKZeKB",3,6,TRUE,100,FALSE,TRUE,TRUE,"included"
"R_1gRpyXtj8oI1KbJ",3,6,TRUE,100,FALSE,TRUE,TRUE,"included"
"R_1gUu7jdDqoe0ZLK",3,6,TRUE,100,FALSE,TRUE,TRUE,"included"
"R_1geDOBIPykyZXDt",3,6,TRUE,100,FALSE,TRUE,TRUE,"included"
"R_1gjPbVfftXO1jIW",3,6,TRUE,100,FALSE,TRUE,TRUE,"included"
"R_1gkjilpE0rl6wEy",3,6,TRUE,100,FALSE,TRUE,TRUE,"included"
"R_1gqLsyqrzrvN9bJ",3,6,TRUE,100,FALSE,TRUE,TRUE,"included"
"R_1gu044duKQT6cmk",3,6,TRUE,100,FALSE,TRUE,TRUE,"included"
"R_1guOXFZsygPoyit",3,6,TRUE,100,FALSE,TRUE,TRUE,"included"
"R_1gumX60rL48bkHl",3,6,TRUE,100,FALSE,TRUE,TRUE,"included"
"R_1gwJ4sttgOQY7TZ",3,6,TRUE,100,FALSE,TRUE,TRUE,"included"
"R_1gzFngrzazdRa5d",3,6,TRUE,100,FALSE,TRUE,TRUE,"included"
"R_1hF26KCmFlEq8Ea",3,6,TRUE,100,FALSE,TRUE,TRUE,"included"
"R_1hRscKmFtepnRQg",3,6,TRUE,100,FALSE,TRUE,TRUE,"included"
"R_1hXageG6ODMGpXI",3,6,TRUE,100,FALSE,TRUE,TRUE,"included"
"R_1hXzaoT5D2UAnuP",3,6,TRUE,100,FALSE,TRUE,TRUE,"included"
"R_1hxOdWkDq5rNzmB",3,6,TRUE,100,FALSE,TRUE,TRUE,"included"
"R_1hyVmaxYkTrCGVR",3,6,TRUE,100,FALSE,TRUE,TRUE,"included"
"R_1hzkf3Y6QwU0nMh",3,6,TRUE,100,FALSE,TRUE,TRUE,"included"
"R_1i3uUqfHBpge7I5",3,6,TRUE,100,FALSE,TRUE,TRUE,"included"
"R_1i9T5whDvTG4XEO",3,6,TRUE,100,FALSE,TRUE,TRUE,"included"
"R_1iaFqqArh93ZCed",3,6,TRUE,100,FALSE,TRUE,TRUE,"included"
"R_1ibdqaRByzqi3Mx",3,6,TRUE,100,FALSE,TRUE,TRUE,"included"
"R_1irK2Fyqxj5UPwm",3,6,TRUE,100,FALSE,TRUE,TRUE,"included"
"R_1itgadWhktOEzKl",3,6,TRUE,100,FALSE,TRUE,TRUE,"included"
"R_1jBcsJmxPAEUl6c",3,6,TRUE,100,FALSE,TRUE,TRUE,"included"
"R_1jClrFIVwKJKtf5",3,6,TRUE,100,FALSE,TRUE,TRUE,"included"
"R_1jOGPQHnt4FT5wS",3,6,TRUE,100,FALSE,TRUE,TRUE,"included"
"R_1jPXcGANjDxOS1Z",3,6,TRUE,100,FALSE,TRUE,TRUE,"included"
"R_1jUh3JwBruZp9iy",3,6,TRUE,100,FALSE,TRUE,TRUE,"included"
"R_1jV6kcQUeFJg7Xk",3,6,TRUE,100,FALSE,TRUE,TRUE,"included"
"R_1jVTaY8npEmmz5h",3,6,TRUE,100,FALSE,TRUE,TRUE,"included"
"R_1jZZUTlK25O4ciW",3,6,TRUE,100,FALSE,TRUE,TRUE,"included"
"R_1jcYGfRZqQ9DSda",3,6,TRUE,100,FALSE,TRUE,TRUE,"included"
"R_1jeLQFRFbzeDtt7",3,6,TRUE,100,FALSE,TRUE,TRUE,"included"
"R_1jj5Xj8Hpmlhttq",3,6,TRUE,100,FALSE,TRUE,TRUE,"included"
"R_1jqEIZwkMNJKgmJ",3,6,TRUE,100,FALSE,TRUE,TRUE,"included"
"R_1k2hL5TDnHgprtc",3,6,TRUE,100,FALSE,TRUE,TRUE,"included"
"R_1kIHWLQIaE0erUe",3,6,TRUE,100,FALSE,TRUE,TRUE,"included"
"R_1kNaFXG0tk4SzZS",3,6,TRUE,100,FALSE,TRUE,TRUE,"included"
"R_1kSxdJGjBvupqOy",3,6,TRUE,100,FALSE,TRUE,TRUE,"included"
"R_1kY4L6c6oxjKCNJ",3,6,TRUE,100,FALSE,TRUE,TRUE,"included"
"R_1kYrawUhJ3T4jGb",3,6,TRUE,100,FALSE,TRUE,TRUE,"included"
"R_1kZxiIVCVr4RSwz",3,6,TRUE,100,FALSE,TRUE,TRUE,"included"
"R_1kZz1TDBczNq498",3,6,TRUE,100,FALSE,TRUE,TRUE,"included"
"R_1l3iphX82jiWrfo",3,6,TRUE,100,FALSE,TRUE,TRUE,"included"
"R_1l6lohYv8LpYf7m",3,6,TRUE,100,FALSE,TRUE,TRUE,"included"
"R_1li7b6jF4rfZWW6",3,6,TRUE,100,FALSE,TRUE,TRUE,"included"
"R_1liad8B4InMlYuA",3,6,TRUE,100,FALSE,TRUE,TRUE,"included"
"R_1lid6lObaRyTElV",3,6,TRUE,100,FALSE,TRUE,TRUE,"included"
"R_1loZsS8VueCm3wZ",3,6,TRUE,100,FALSE,TRUE,TRUE,"included"
"R_1lrxaYpbCQW17M4",3,6,TRUE,100,FALSE,TRUE,TRUE,"included"
"R_1lyPQbrqkzv9BPu",3,6,TRUE,100,FALSE,TRUE,TRUE,"included"
"R_1lyjxvgqnZNCzrc",3,6,TRUE,100,TRUE,FALSE,FALSE,"invalid_primary_gender+age+income+education+party+region+employment"
"R_1mF1if4ybNBZVjg",3,6,TRUE,100,FALSE,TRUE,TRUE,"included"
"R_1mFpDJi0dmRgmvG",3,6,TRUE,100,FALSE,TRUE,TRUE,"included"
"R_1mPdBXjPHEsrZUA",3,6,TRUE,100,FALSE,TRUE,TRUE,"included"
"R_1mQNpWiWyA9fEbQ",3,6,TRUE,100,FALSE,TRUE,TRUE,"included"
"R_1mQyyC67MFiBpK0",3,6,TRUE,100,FALSE,TRUE,TRUE,"included"
"R_1mWW87uICZn9uUq",3,6,TRUE,100,FALSE,TRUE,TRUE,"included"
"R_1meeeY2TvkCNqsF",3,6,TRUE,100,FALSE,TRUE,TRUE,"included"
"R_1mpTV3Z2vKWfCli",3,6,TRUE,100,FALSE,TRUE,TRUE,"included"
"R_1mrsEUxkUqli3Jr",3,6,TRUE,100,FALSE,TRUE,TRUE,"included"
"R_1mt46kdiyAQtj7T",3,6,TRUE,100,FALSE,TRUE,TRUE,"included"
"R_1mw12CbRqxpqUvo",3,6,TRUE,100,FALSE,TRUE,TRUE,"included"
"R_1n1uW6brYRHoa01",3,6,TRUE,100,FALSE,TRUE,TRUE,"included"
"R_1n2SyLElNuxXmWY",3,6,TRUE,100,FALSE,TRUE,TRUE,"included"
"R_1n2UtSvlDURc1Us",3,6,TRUE,100,FALSE,TRUE,TRUE,"included"
"R_1n3hwbqsR4IyAjc",3,6,TRUE,100,FALSE,TRUE,TRUE,"included"
"R_1n7pQeatZVASAlP",3,6,TRUE,100,FALSE,TRUE,TRUE,"included"
"R_1n9Mlk8sjVStA1j",2,4,FALSE,50,TRUE,FALSE,FALSE,"fewer_than_three_tasks"
"R_1nPJCC19E2L7kk2",3,6,TRUE,100,FALSE,TRUE,TRUE,"included"
"R_1nVZg3yH39HJXuL",3,6,TRUE,100,FALSE,TRUE,TRUE,"included"
"R_1nWaY45rpdF0VBs",3,6,TRUE,100,FALSE,TRUE,TRUE,"included"
"R_1nYHp8MBa9MTtA0",3,6,TRUE,100,FALSE,TRUE,TRUE,"included"
"R_1nZPJmaQWH40QT3",3,6,TRUE,100,FALSE,TRUE,TRUE,"included"
"R_1o0AI07AJO37Hf5",3,6,TRUE,100,FALSE,TRUE,TRUE,"included"
"R_1o152Tq3f5MEsZF",3,6,TRUE,100,FALSE,TRUE,TRUE,"included"
"R_1o1D6F25WG1PpjC",3,6,TRUE,100,FALSE,TRUE,TRUE,"included"
"R_1omVL0dbpigWzgv",3,6,TRUE,100,FALSE,TRUE,TRUE,"included"
"R_1oq1zcagQL23qnp",3,6,TRUE,100,FALSE,TRUE,TRUE,"included"
"R_1pDMG2WbbeFgmc0",3,6,TRUE,100,FALSE,TRUE,TRUE,"included"
"R_1pDzob8W5R4ssyY",3,6,TRUE,100,FALSE,TRUE,TRUE,"included"
"R_1pSBvk1JU47qv2e",3,6,TRUE,100,FALSE,TRUE,TRUE,"included"
"R_1plkLZnjLlohbne",3,6,TRUE,100,FALSE,TRUE,TRUE,"included"
"R_1pmrEXg2ukHouxU",3,6,TRUE,100,FALSE,TRUE,TRUE,"included"
"R_1q2Fe7HFT1QJWNX",3,6,TRUE,100,FALSE,TRUE,TRUE,"included"
"R_1qTVC2pfWZUuRqP",3,6,TRUE,100,FALSE,TRUE,TRUE,"included"
"R_1qV7qGvwimhosDM",3,6,TRUE,100,FALSE,TRUE,TRUE,"included"
"R_1qWKTKyJ28aGV1r",3,6,TRUE,100,FALSE,TRUE,TRUE,"included"
"R_1r2rKsenxexjJkC",3,6,TRUE,100,FALSE,TRUE,TRUE,"included"
"R_1r86TJq8Kdi3sis",3,6,TRUE,100,FALSE,TRUE,TRUE,"included"
"R_1rABZaEitcwyUKj",3,6,TRUE,100,FALSE,TRUE,TRUE,"included"
"R_1rIC8CBqMNG74MX",3,6,TRUE,100,FALSE,TRUE,TRUE,"included"
"R_1rP8Wu5t9Lr4tms",3,6,TRUE,100,FALSE,TRUE,TRUE,"included"
"R_1rq2av01JQPag4R",3,6,TRUE,100,FALSE,TRUE,TRUE,"included"
"R_1rquXQGmySPmCxi",3,6,TRUE,100,FALSE,TRUE,TRUE,"included"
"R_1rrKiPAQhJW3KAD",3,6,TRUE,100,FALSE,TRUE,TRUE,"included"
"R_1ruFNdN8rWPRhzX",3,6,TRUE,100,FALSE,TRUE,TRUE,"included"
"R_1rxAh9UFKhfVOgn",3,6,TRUE,100,FALSE,TRUE,TRUE,"included"
"R_20MaNBX0P1zb3Yu",3,6,TRUE,100,FALSE,TRUE,TRUE,"included"
"R_20OIXUw4UQHYbdt",3,6,TRUE,100,FALSE,TRUE,TRUE,"included"
"R_20SaxTO7ow2ZFQl",3,6,TRUE,100,FALSE,TRUE,TRUE,"included"
"R_20ZD4i3jZWOA95e",3,6,TRUE,100,FALSE,TRUE,TRUE,"included"
"R_215reTOKOXZ0bcm",3,6,TRUE,100,FALSE,TRUE,TRUE,"included"
"R_21BPqzSwzBmqUrx",3,6,TRUE,100,FALSE,TRUE,TRUE,"included"
"R_21cuzcm2RbqYYv0",3,6,TRUE,100,FALSE,TRUE,TRUE,"included"
"R_21ht0id84KG6Irv",3,6,TRUE,100,FALSE,TRUE,TRUE,"included"
"R_21mu8G3N6cGa9GH",3,6,TRUE,100,FALSE,TRUE,TRUE,"included"
"R_21n678NRpcsvjQl",3,6,TRUE,100,FALSE,TRUE,TRUE,"included"
"R_21oHGoJlDidUtxI",3,6,TRUE,100,FALSE,TRUE,TRUE,"included"
"R_21uinkaeHvvCKzT",3,6,TRUE,100,FALSE,TRUE,TRUE,"included"
"R_21zB9sAp6WSvBPt",3,6,TRUE,100,FALSE,TRUE,TRUE,"included"
"R_22LCpO6CY2J4CUU",3,6,TRUE,100,FALSE,TRUE,TRUE,"included"
"R_22PMc7TxHB5pSIU",3,6,TRUE,100,FALSE,TRUE,TRUE,"included"
"R_22PxbhFBWSgXaZv",3,6,TRUE,100,FALSE,TRUE,TRUE,"included"
"R_22VINADQ1ZlmRq1",3,6,TRUE,100,FALSE,TRUE,TRUE,"included"
"R_22YueXsewnQksk1",3,6,TRUE,100,FALSE,TRUE,TRUE,"included"
"R_22ZHguUDoOX6wO5",3,6,TRUE,100,FALSE,TRUE,TRUE,"included"
"R_22rYYLpjLTXMn7F",3,6,TRUE,100,FALSE,TRUE,TRUE,"included"
"R_22taYDVOGALtI3b",3,6,TRUE,100,FALSE,TRUE,TRUE,"included"
"R_22tsB5XfTq2z8rd",3,6,TRUE,100,FALSE,TRUE,TRUE,"included"
"R_22uaSksSlS1bqW2",3,6,TRUE,100,FALSE,TRUE,TRUE,"included"
"R_22ue04hNVqGuPpo",3,6,TRUE,100,FALSE,TRUE,TRUE,"included"
"R_22yxLC16Uh6udY6",3,6,TRUE,100,FALSE,TRUE,TRUE,"included"
"R_22zfeybRChdlPq2",3,6,TRUE,100,FALSE,TRUE,TRUE,"included"
"R_232I7MsastICDLQ",3,6,TRUE,100,FALSE,TRUE,TRUE,"included"
"R_233uNrFYXayf8E9",3,6,TRUE,100,FALSE,TRUE,TRUE,"included"
"R_239ukGjnci1c6s0",3,6,TRUE,100,FALSE,TRUE,TRUE,"included"
"R_23enu3OPKo3GvSd",3,6,FALSE,78,TRUE,FALSE,FALSE,"invalid_primary_gender+age+income+education+party+region+employment"
"R_23fsrWPit5dV5q1",3,6,TRUE,100,FALSE,TRUE,TRUE,"included"
"R_242uI0CMLzA2s21",3,6,TRUE,100,FALSE,TRUE,TRUE,"included"
"R_247RYp6gU4SMrCq",3,6,TRUE,100,FALSE,TRUE,TRUE,"included"
"R_247zLIkmF9cWEhq",3,6,FALSE,83,TRUE,FALSE,FALSE,"invalid_primary_gender+age+income+education+party+region+employment"
"R_24emMzf5gbyYUZc",3,6,TRUE,100,FALSE,TRUE,TRUE,"included"
"R_24oMOuN8JgpbWM1",3,6,TRUE,100,FALSE,TRUE,TRUE,"included"
"R_24vJAPzUu3jpwLX",3,6,TRUE,100,FALSE,TRUE,TRUE,"included"
"R_25BE10jAcMcjWEE",3,6,TRUE,100,FALSE,TRUE,TRUE,"included"
"R_25BmtPs0AQivMB6",3,6,TRUE,100,FALSE,TRUE,TRUE,"included"
"R_25KoI1MWQYSCGYF",3,6,TRUE,100,FALSE,TRUE,TRUE,"included"
"R_25Nkd0dxhN738K7",3,6,TRUE,100,FALSE,TRUE,TRUE,"included"
"R_25QlLkU62mn8Bft",3,6,TRUE,100,FALSE,TRUE,TRUE,"included"
"R_25XChv868ugZDH6",3,6,TRUE,100,FALSE,TRUE,TRUE,"included"
"R_25XzKhnNKdaV5Di",3,6,TRUE,100,TRUE,FALSE,FALSE,"invalid_primary_gender+age+income+education+party+region+employment"
"R_25Y1mBe5HzcRA45",3,6,TRUE,100,FALSE,TRUE,TRUE,"included"
"R_25Zbl4x3ml27Pgu",3,6,TRUE,100,FALSE,TRUE,TRUE,"included"
"R_25skLLJibYonOOd",3,6,TRUE,100,FALSE,TRUE,TRUE,"included"
"R_262dfGi8YiObB17",3,6,TRUE,100,FALSE,TRUE,TRUE,"included"
"R_263cp9x26UinwDe",3,6,TRUE,100,FALSE,TRUE,TRUE,"included"
"R_264mUVxBuIZXSxu",3,6,TRUE,100,FALSE,TRUE,TRUE,"included"
"R_265dYjA42fHr0EY",3,6,TRUE,100,TRUE,FALSE,FALSE,"invalid_primary_gender+age+income+education+party+region+employment"
"R_26bBgel1rjSuOt4",3,6,TRUE,100,FALSE,TRUE,TRUE,"included"
"R_26mPJ7IjxiPeYjD",3,6,TRUE,100,FALSE,TRUE,TRUE,"included"
"R_272ohxUAA3WM2jQ",3,6,TRUE,100,FALSE,TRUE,TRUE,"included"
"R_279EJQUxBOabdhF",3,6,TRUE,100,FALSE,TRUE,TRUE,"included"
"R_27HbopWmJSfRbeR",3,6,TRUE,100,FALSE,TRUE,TRUE,"included"
"R_27eAypTa03KfL63",3,6,TRUE,100,FALSE,TRUE,TRUE,"included"
"R_27gk1cZl7WtZoeY",3,6,TRUE,100,FALSE,TRUE,TRUE,"included"
"R_27jviaZyuuTEwqR",3,6,TRUE,100,FALSE,TRUE,TRUE,"included"
"R_27ksTPlETAStRBZ",3,6,TRUE,100,FALSE,TRUE,TRUE,"included"
"R_27ru1m3WmD36nKQ",3,6,TRUE,100,FALSE,TRUE,TRUE,"included"
"R_27xSd2KDqu1ef7a",2,4,FALSE,50,TRUE,FALSE,FALSE,"fewer_than_three_tasks"
"R_28H6QqNd8k1NczW",3,6,TRUE,100,FALSE,TRUE,TRUE,"included"
"R_28URJuzJwJFe7Yr",3,6,TRUE,100,FALSE,TRUE,TRUE,"included"
"R_296o9dAInpzdIlC",3,6,TRUE,100,FALSE,TRUE,TRUE,"included"
"R_29nRJQKrO7KJG0A",3,6,TRUE,100,FALSE,TRUE,TRUE,"included"
"R_29pnohZ3W6UrOF8",3,6,TRUE,100,FALSE,TRUE,TRUE,"included"
"R_29vae9GUmPUKhWd",3,6,TRUE,100,FALSE,TRUE,TRUE,"included"
"R_2A0SmZoOQvUbfbK",3,6,TRUE,100,FALSE,TRUE,TRUE,"included"
"R_2AKGQYwdE1Ku8mc",3,6,TRUE,100,FALSE,FALSE,FALSE,"invalid_primary_party"
"R_2AMXHzS3JnU52h6",3,6,TRUE,100,FALSE,TRUE,TRUE,"included"
"R_2AR74d0ACCsRCYq",3,6,TRUE,100,FALSE,TRUE,TRUE,"included"
"R_2B3fWURJznN3XJ9",3,6,TRUE,100,FALSE,TRUE,TRUE,"included"
"R_2B4nQbavmOeO7ty",3,6,TRUE,100,FALSE,TRUE,TRUE,"included"
"R_2BgQsdSvSvZDne5",3,6,TRUE,100,FALSE,TRUE,TRUE,"included"
"R_2Bhez3d0AU2Hg75",3,6,TRUE,100,FALSE,TRUE,TRUE,"included"
"R_2Bl0CKBuAhXT2vQ",3,6,TRUE,100,FALSE,TRUE,TRUE,"included"
"R_2BxrHe34lA6rhWL",3,6,TRUE,100,FALSE,TRUE,TRUE,"included"
"R_2CCkqqeAYWIUvW3",3,6,TRUE,100,FALSE,TRUE,TRUE,"included"
"R_2CDrAVBCSm17vqB",3,6,TRUE,100,FALSE,TRUE,TRUE,"included"
"R_2CPawTtKdJU1AoC",3,6,TRUE,100,FALSE,TRUE,TRUE,"included"
"R_2CPuc78ASKfXCXm",3,6,TRUE,100,FALSE,TRUE,TRUE,"included"
"R_2CZBQ600YGPRd3C",3,6,TRUE,100,FALSE,TRUE,TRUE,"included"
"R_2Cd2OuGH6UUunur",3,6,TRUE,100,FALSE,TRUE,TRUE,"included"
"R_2Cf7xnvC9D6lzgy",3,6,TRUE,100,FALSE,TRUE,TRUE,"included"
"R_2CfFaqXjEL96haE",3,6,TRUE,100,FALSE,TRUE,TRUE,"included"
"R_2Cg1pSWVUy5Zqu8",3,6,TRUE,100,TRUE,FALSE,FALSE,"invalid_primary_gender+age+income+education+party+region+employment"
"R_2Ck1T8n9WSjtzrW",3,6,TRUE,100,FALSE,TRUE,TRUE,"included"
"R_2CxKcis5SZidmsj",3,6,TRUE,100,FALSE,TRUE,TRUE,"included"
"R_2CywAQssX8XIjgE",3,6,TRUE,100,FALSE,TRUE,TRUE,"included"
"R_2D1R0Dw00OyjFIY",3,6,TRUE,100,FALSE,TRUE,TRUE,"included"
"R_2D2lG8gWSYtrfKJ",3,6,TRUE,100,FALSE,TRUE,TRUE,"included"
"R_2D6swl41mNzitRD",3,6,TRUE,100,FALSE,TRUE,TRUE,"included"
"R_2D7ZBbHah3GxHAB",3,6,TRUE,100,FALSE,TRUE,TRUE,"included"
"R_2DLykLOD7wDXO5P",3,6,TRUE,100,FALSE,TRUE,TRUE,"included"
"R_2DM5XxMfhq4pWDH",2,4,FALSE,50,TRUE,FALSE,FALSE,"fewer_than_three_tasks"
"R_2DNNhGx8QiEIcuV",3,6,TRUE,100,FALSE,TRUE,TRUE,"included"
"R_2DS2UKJrcioJJsB",3,6,TRUE,100,FALSE,TRUE,TRUE,"included"
"R_2DSmwY6f8P1vIeg",3,6,TRUE,100,FALSE,TRUE,TRUE,"included"
"R_2EEqKtnFcGwMiiO",3,6,TRUE,100,FALSE,TRUE,TRUE,"included"
"R_2EbFRFLiXgVRonc",3,6,TRUE,100,FALSE,TRUE,TRUE,"included"
"R_2EbeVEYyNA5DP8a",3,6,TRUE,100,FALSE,TRUE,TRUE,"included"
"R_2EmBCPKJZFRT1Vo",3,6,TRUE,100,FALSE,TRUE,TRUE,"included"
"R_2EyNK8n3lfOYgZK",3,6,TRUE,100,FALSE,TRUE,TRUE,"included"
"R_2Ez8iNqCAkcK8Pa",3,6,TRUE,100,FALSE,TRUE,TRUE,"included"
"R_2OPYsfJc5D6GX7J",3,6,TRUE,100,FALSE,TRUE,TRUE,"included"
"R_2OPfiKGFrTSfO2y",3,6,TRUE,100,FALSE,TRUE,TRUE,"included"
"R_2P0gpWMb5asCcu9",3,6,TRUE,100,FALSE,TRUE,TRUE,"included"
"R_2P570am9rZyrbYz",3,6,TRUE,100,FALSE,TRUE,TRUE,"included"
"R_2P5vNCe3i9qYp8u",3,6,TRUE,100,FALSE,TRUE,TRUE,"included"
"R_2P6BW7G1BFIw6d0",3,6,TRUE,100,FALSE,TRUE,TRUE,"included"
"R_2P7oXV20IRxLT8R",3,6,TRUE,100,FALSE,TRUE,TRUE,"included"
"R_2PCrGZ0U5zuh1ja",3,6,TRUE,100,FALSE,TRUE,TRUE,"included"
"R_2PmOqzkXDtHCtRj",3,6,TRUE,100,FALSE,TRUE,TRUE,"included"
"R_2Pw1sM0H5yfgmgj",3,6,TRUE,100,FALSE,TRUE,TRUE,"included"
"R_2QGKOWbAGIu8Eez",3,6,TRUE,100,FALSE,TRUE,TRUE,"included"
"R_2QKXj3RCAh4PFyS",3,6,TRUE,100,FALSE,TRUE,TRUE,"included"
"R_2QSXGk8AE75mZb6",3,6,TRUE,100,FALSE,TRUE,TRUE,"included"
"R_2QVV54nYv9WdtT0",3,6,TRUE,100,FALSE,TRUE,TRUE,"included"
"R_2QgN7M6IJ1DSbTL",3,6,TRUE,100,FALSE,TRUE,TRUE,"included"
"R_2QhNXpWAkevPBZw",3,6,TRUE,100,FALSE,TRUE,TRUE,"included"
"R_2QmQJjANHh7DNnp",3,6,TRUE,100,FALSE,TRUE,TRUE,"included"
"R_2QmU8lyuFkT4WNa",3,6,TRUE,100,FALSE,TRUE,TRUE,"included"
"R_2QoKblC1IYFvo3K",3,6,TRUE,100,TRUE,FALSE,FALSE,"invalid_primary_gender+age+income+education+party+region+employment"
"R_2QocOZz9C2JkolM",3,6,TRUE,100,FALSE,TRUE,TRUE,"included"
"R_2Qydr1YJ0WJdXGo",3,6,TRUE,100,FALSE,TRUE,TRUE,"included"
"R_2Qyz2eFsX2DJBA4",3,6,TRUE,100,FALSE,TRUE,TRUE,"included"
"R_2R1BdXHoUS10Mvs",3,6,TRUE,100,FALSE,TRUE,TRUE,"included"
"R_2R2O88wdioy9O6T",3,6,TRUE,100,FALSE,TRUE,TRUE,"included"
"R_2ROkgOH5ZlvU1nQ",3,6,TRUE,100,FALSE,TRUE,TRUE,"included"
"R_2RQSwWBugA5oL5E",3,6,TRUE,100,FALSE,TRUE,TRUE,"included"
"R_2RQxQrvDHmqyZqJ",3,6,TRUE,100,FALSE,TRUE,TRUE,"included"
"R_2RUMeq0KxCxROUI",3,6,TRUE,100,FALSE,TRUE,TRUE,"included"
"R_2RaIB6qnkdfPIuM",3,6,TRUE,100,FALSE,TRUE,TRUE,"included"
"R_2S1ybYRVUiw2FHu",3,6,TRUE,100,FALSE,TRUE,TRUE,"included"
"R_2S32llXxZDbmi0Y",3,6,TRUE,100,TRUE,FALSE,FALSE,"invalid_primary_gender+age+income+education+party+region+employment"
"R_2S5ZtLnT5zpcNYt",3,6,TRUE,100,FALSE,TRUE,TRUE,"included"
"R_2SIEZcSQCjBB4ob",3,6,TRUE,100,FALSE,TRUE,TRUE,"included"
"R_2Sc0yjcZ7GzJlHg",3,6,TRUE,100,FALSE,TRUE,TRUE,"included"
"R_2SpJ2zWq6xqmaCQ",3,6,TRUE,100,FALSE,TRUE,TRUE,"included"
"R_2SrC5NwlbPtGx1p",3,6,TRUE,100,FALSE,TRUE,TRUE,"included"
"R_2TBjzqo28Iq3nq7",3,6,TRUE,100,FALSE,TRUE,TRUE,"included"
"R_2TNcgSVw85EdJBF",3,6,TRUE,100,FALSE,TRUE,TRUE,"included"
"R_2TSPScuAsJttcvV",3,6,TRUE,100,FALSE,TRUE,TRUE,"included"
"R_2TnjYhX3VF8GLzA",3,6,TRUE,100,FALSE,TRUE,TRUE,"included"
"R_2TuGs81ppSflI3u",3,6,TRUE,100,FALSE,TRUE,TRUE,"included"
"R_2TuhFVOhP4bnZG8",3,6,TRUE,100,FALSE,TRUE,TRUE,"included"
"R_2U32tm9IVoeiAwO",3,6,TRUE,100,FALSE,TRUE,TRUE,"included"
"R_2U5HbT9Rq1yFzPg",3,6,TRUE,100,FALSE,TRUE,TRUE,"included"
"R_2UVOjk4zoqQhTuP",3,6,TRUE,100,FALSE,TRUE,TRUE,"included"
"R_2UaZrWfHXbZp3f0",3,6,TRUE,100,FALSE,TRUE,TRUE,"included"
"R_2UayEqm6GrEg6ki",3,6,TRUE,100,FALSE,TRUE,TRUE,"included"
"R_2V4iWI865dKCHhx",3,6,TRUE,100,FALSE,TRUE,TRUE,"included"
"R_2VCvOxXQYNDxtFd",3,6,TRUE,100,FALSE,TRUE,TRUE,"included"
"R_2VDcpOKmA5jAJAJ",3,6,TRUE,100,FALSE,TRUE,TRUE,"included"
"R_2VInYyBD6oR2DU0",3,6,TRUE,100,FALSE,TRUE,TRUE,"included"
"R_2VOYFWLUxmR0bNn",3,6,TRUE,100,FALSE,TRUE,TRUE,"included"
"R_2VeGtyfZUlXNt2q",3,6,TRUE,100,FALSE,TRUE,TRUE,"included"
"R_2VfQJcCJ6hm0AG5",3,6,TRUE,100,FALSE,TRUE,TRUE,"included"
"R_2Vyw3KbmKWFFFRN",3,6,TRUE,100,FALSE,TRUE,TRUE,"included"
"R_2WAShW0NRxAlDfE",3,6,TRUE,100,FALSE,TRUE,TRUE,"included"
"R_2WCjLlcr1lmcJOh",3,6,TRUE,100,FALSE,TRUE,TRUE,"included"
"R_2WGtJkG4xSU08Eg",3,6,TRUE,100,FALSE,TRUE,TRUE,"included"
"R_2WVkeF3e20p6RCW",3,6,TRUE,100,FALSE,TRUE,TRUE,"included"
"R_2WwgJOsJcVzZ1MV",3,6,TRUE,100,FALSE,TRUE,TRUE,"included"
"R_2Wxm5LTqLqXuG8x",3,6,TRUE,100,FALSE,TRUE,TRUE,"included"
"R_2X6RyQ9RFRoqkyW",3,6,TRUE,100,FALSE,TRUE,TRUE,"included"
"R_2XdFO31rV19pXj3",3,6,TRUE,100,FALSE,TRUE,TRUE,"included"
"R_2XpQZ3SGvIt3B8q",3,6,TRUE,100,FALSE,TRUE,TRUE,"included"
"R_2Y5kdOnBTi7xH9q",3,6,TRUE,100,FALSE,TRUE,TRUE,"included"
"R_2YJtVSk6BJjHs0h",3,6,TRUE,100,FALSE,TRUE,TRUE,"included"
"R_2YQGCP4IWPgmPrq",3,6,TRUE,100,FALSE,TRUE,TRUE,"included"
"R_2YWxsKkLBPKwGJi",3,6,TRUE,100,FALSE,TRUE,TRUE,"included"
"R_2Ynv6La4vXwuEL3",3,6,TRUE,100,FALSE,TRUE,TRUE,"included"
"R_2YtCFhZVniq7aSz",3,6,TRUE,100,FALSE,TRUE,TRUE,"included"
"R_2ZCDz6qfpJQgIwJ",3,6,TRUE,100,FALSE,TRUE,TRUE,"included"
"R_2ZCEy7vsXHtETwi",3,6,TRUE,100,FALSE,TRUE,TRUE,"included"
"R_2ZOJZyohzBpHVBC",3,6,TRUE,100,FALSE,TRUE,TRUE,"included"
"R_2ZPR3lz6sIiMzAO",3,6,TRUE,100,FALSE,TRUE,TRUE,"included"
"R_2aE7GW3905BgiQe",3,6,TRUE,100,FALSE,TRUE,TRUE,"included"
"R_2aFEuRbNYw3PGI4",3,6,TRUE,100,FALSE,TRUE,TRUE,"included"
"R_2aJsGpcL0rhG23B",3,6,TRUE,100,FALSE,TRUE,TRUE,"included"
"R_2aRIVDRA7zMwSCx",3,6,TRUE,100,FALSE,TRUE,TRUE,"included"
"R_2aUHAA76lPV0app",3,6,TRUE,100,FALSE,TRUE,TRUE,"included"
"R_2aVSN2i9LjdceAs",3,6,TRUE,100,FALSE,TRUE,TRUE,"included"
"R_2agnulAeGsBoKtD",3,6,TRUE,100,FALSE,TRUE,TRUE,"included"
"R_2ahFM8Rm7YsbHDP",3,6,TRUE,100,FALSE,TRUE,TRUE,"included"
"R_2ammJIpk5oW6msV",3,6,TRUE,100,FALSE,TRUE,TRUE,"included"
"R_2anNToi9PASxx5T",3,6,TRUE,100,FALSE,TRUE,TRUE,"included"
"R_2anSopdluDnvZox",3,6,TRUE,100,FALSE,TRUE,TRUE,"included"
"R_2awoJevJ6hT511b",2,4,FALSE,50,TRUE,FALSE,FALSE,"fewer_than_three_tasks"
"R_2axZ8UHZQbpK58w",3,6,TRUE,100,FALSE,TRUE,TRUE,"included"
"R_2ay3E52rm3pxL0K",3,6,TRUE,100,FALSE,TRUE,TRUE,"included"
"R_2b2TkKgNfCISSIi",3,6,TRUE,100,FALSE,TRUE,TRUE,"included"
"R_2b2xE5Tkf8XV80o",3,6,TRUE,100,FALSE,TRUE,TRUE,"included"
"R_2bN1bUtLJPCTotn",3,6,TRUE,100,FALSE,TRUE,TRUE,"included"
"R_2bOB91Dw5pNoLJ8",3,6,TRUE,100,FALSE,TRUE,TRUE,"included"
"R_2bOXbi70RQcj2g0",3,6,TRUE,100,FALSE,TRUE,TRUE,"included"
"R_2bUH4rOOMTVwIAi",3,6,TRUE,100,FALSE,TRUE,TRUE,"included"
"R_2bUUbr4FF97ohPb",3,6,TRUE,100,FALSE,TRUE,TRUE,"included"
"R_2bUYDTyUo58ZGB8",3,6,TRUE,100,FALSE,TRUE,TRUE,"included"
"R_2cisRM32PYLDfoe",3,6,TRUE,100,FALSE,TRUE,TRUE,"included"
"R_2cj6hyREUnHQcdE",3,6,TRUE,100,FALSE,TRUE,TRUE,"included"
"R_2cnKTtciMl6siXI",3,6,TRUE,100,FALSE,TRUE,TRUE,"included"
"R_2cpxMQVJUJbhlvj",3,6,TRUE,100,FALSE,TRUE,TRUE,"included"
"R_2cqoACwpOkCt8Pb",3,6,TRUE,100,FALSE,TRUE,TRUE,"included"
"R_2cvL3BKnaVKEUdg",3,6,TRUE,100,FALSE,TRUE,TRUE,"included"
"R_2cvc9qx9CA9nrcj",3,6,TRUE,100,FALSE,TRUE,TRUE,"included"
"R_2czsPZPvp7HYklt",3,6,TRUE,100,FALSE,TRUE,TRUE,"included"
"R_2dA24N5RuJXOqzj",3,6,TRUE,100,FALSE,TRUE,TRUE,"included"
"R_2dA6njZZlLJeZTN",3,6,TRUE,100,FALSE,TRUE,TRUE,"included"
"R_2dEm0PEZnB2DUcZ",3,6,TRUE,100,FALSE,TRUE,TRUE,"included"
"R_2dG7lsPM9bDpvjx",3,6,TRUE,100,FALSE,TRUE,TRUE,"included"
"R_2dGBT9umtrngOWY",3,6,TRUE,100,FALSE,TRUE,TRUE,"included"
"R_2dHhw6RG47jVX0p",3,6,TRUE,100,FALSE,TRUE,TRUE,"included"
"R_2dSifo5Juoc0aoM",3,6,TRUE,100,FALSE,TRUE,TRUE,"included"
"R_2dTrjNJANa4fDET",3,6,TRUE,100,FALSE,TRUE,TRUE,"included"
"R_2dXS2JbZVpf0GEW",3,6,TRUE,100,FALSE,TRUE,TRUE,"included"
"R_2dXSkqjbUl5LDvz",3,6,TRUE,100,FALSE,TRUE,TRUE,"included"
"R_2dfNE1xSv66mYXv",3,6,TRUE,100,FALSE,TRUE,TRUE,"included"
"R_2dhTcEcEqg87b2l",3,6,TRUE,100,FALSE,TRUE,TRUE,"included"
"R_2dhZTsfJmp1LP4V",3,6,TRUE,100,FALSE,TRUE,TRUE,"included"
"R_2dseoazTInolDAc",3,6,TRUE,100,FALSE,TRUE,TRUE,"included"
"R_2dxMAasZF9iEyQU",3,6,TRUE,100,FALSE,TRUE,TRUE,"included"
"R_2e3bj6lDqBY5mCP",3,6,TRUE,100,FALSE,TRUE,TRUE,"included"
"R_2eUtnbyxWy2WlXp",3,6,TRUE,100,FALSE,TRUE,TRUE,"included"
"R_2eW0qhBcZlGuZty",3,6,TRUE,100,FALSE,TRUE,TRUE,"included"
"R_2eWMAGO1tGAOyJF",3,6,TRUE,100,FALSE,TRUE,TRUE,"included"
"R_2ea28GHOQUCw8ZC",3,6,TRUE,100,FALSE,TRUE,TRUE,"included"
"R_2ea3Nww2oJhnoJb",3,6,TRUE,100,FALSE,TRUE,TRUE,"included"
"R_2f0z71zXhN87Iu4",3,6,TRUE,100,FALSE,TRUE,TRUE,"included"
"R_2f2QPVY8HZjlotZ",3,6,TRUE,100,FALSE,TRUE,TRUE,"included"
"R_2fKaZ2joC3oSt40",3,6,TRUE,100,FALSE,TRUE,TRUE,"included"
"R_2fe9xi32uAGOYCJ",3,6,TRUE,100,FALSE,TRUE,TRUE,"included"
"R_2fqCncQAFEDn8N3",3,6,TRUE,100,FALSE,TRUE,TRUE,"included"
"R_2fwIyrFJK9Qrp6z",3,6,TRUE,100,FALSE,TRUE,TRUE,"included"
"R_2fx64j9DlnhnwXo",3,6,TRUE,100,FALSE,TRUE,TRUE,"included"
"R_2fxm9kirQGtDSyC",3,6,TRUE,100,FALSE,TRUE,TRUE,"included"
"R_2fxt63Ut2lLsT9b",3,6,FALSE,78,TRUE,FALSE,FALSE,"invalid_primary_gender+age+income+education+party+region+employment"
"R_2nUViSEgenyVPzz",3,6,TRUE,100,FALSE,TRUE,TRUE,"included"
"R_2pLwJCNI4A90Lyi",3,6,TRUE,100,FALSE,TRUE,TRUE,"included"
"R_2pQCDWpPMNsWskU",3,6,TRUE,100,FALSE,TRUE,TRUE,"included"
"R_2pWy6KnaMnOWFBo",3,6,TRUE,100,FALSE,TRUE,TRUE,"included"
"R_2q9i3JvJanoGqlX",3,6,TRUE,100,FALSE,TRUE,TRUE,"included"
"R_2q9tStydRETlBcm",3,6,TRUE,100,TRUE,FALSE,FALSE,"invalid_primary_gender+age+income+education+party+region+employment"
"R_2qjHIOMQw3G0OtJ",3,6,TRUE,100,FALSE,TRUE,TRUE,"included"
"R_2qpDp1DOiohn5NL",3,6,TRUE,100,FALSE,TRUE,TRUE,"included"
"R_2qwMF0UCfyxB1r3",3,6,TRUE,100,FALSE,TRUE,TRUE,"included"
"R_2rBN5hdlEGy84ky",3,6,TRUE,100,FALSE,TRUE,TRUE,"included"
"R_2rN7A440jogP2i1",3,6,TRUE,100,FALSE,TRUE,TRUE,"included"
"R_2rPL7Wr7goe4pmy",3,6,TRUE,100,FALSE,TRUE,TRUE,"included"
"R_2rUv9dP0NN17xKv",3,6,TRUE,100,FALSE,TRUE,TRUE,"included"
"R_2rgFNMrEPJinoqJ",3,6,TRUE,100,FALSE,TRUE,TRUE,"included"
"R_2rl7KEnjfAIeD56",3,6,TRUE,100,FALSE,TRUE,TRUE,"included"
"R_2roQMJdunnhJETb",3,6,TRUE,100,FALSE,TRUE,TRUE,"included"
"R_2rp87YBjrytwDO5",3,6,TRUE,100,FALSE,TRUE,TRUE,"included"
"R_2rpAvfR0vqGHLCV",3,6,TRUE,100,FALSE,TRUE,TRUE,"included"
"R_2rqsbATmEMnRe69",3,6,TRUE,100,FALSE,TRUE,TRUE,"included"
"R_2s5ck6n4q1Ra2eJ",3,6,TRUE,100,FALSE,TRUE,TRUE,"included"
"R_2s6CLuiwJ2mH63U",3,6,TRUE,100,FALSE,TRUE,TRUE,"included"
"R_2s6JwQ18YeTyPOC",3,6,TRUE,100,FALSE,TRUE,TRUE,"included"
"R_2sNqjcL4quDPs1r",3,6,TRUE,100,FALSE,TRUE,TRUE,"included"
"R_2sSBNqqN8lkI5nM",3,6,TRUE,100,FALSE,TRUE,TRUE,"included"
"R_2sU3CElhqCLBjAD",3,6,TRUE,100,FALSE,TRUE,TRUE,"included"
"R_2sUdYbP1ImGfmFt",3,6,TRUE,100,FALSE,TRUE,TRUE,"included"
"R_2sbCkErNjMRPn93",3,6,TRUE,100,FALSE,TRUE,TRUE,"included"
"R_2t36gnQUcqkkfGg",3,6,TRUE,100,FALSE,TRUE,TRUE,"included"
"R_2tA0KrmZL4jvdyd",3,6,TRUE,100,FALSE,TRUE,TRUE,"included"
"R_2tA3dpvxAdFwdQV",3,6,TRUE,100,FALSE,TRUE,TRUE,"included"
"R_2tGuFg50jUGdGlO",3,6,TRUE,100,FALSE,TRUE,TRUE,"included"
"R_2tJNV4WaJPNkxfM",3,6,TRUE,100,FALSE,TRUE,TRUE,"included"
"R_2tJdkOUZkNaiHL7",3,6,TRUE,100,FALSE,TRUE,TRUE,"included"
"R_2tMt9tRBCne6dZu",3,6,TRUE,100,FALSE,TRUE,TRUE,"included"
"R_2tbMm3xqjYyDeib",3,6,TRUE,100,FALSE,TRUE,TRUE,"included"
"R_2tbPNF2kk2YqaOC",3,6,TRUE,100,FALSE,TRUE,TRUE,"included"
"R_2tfKklEfL5vivXH",3,6,TRUE,100,FALSE,TRUE,TRUE,"included"
"R_2tm4GxGNBMrxCyo",3,6,TRUE,100,TRUE,FALSE,FALSE,"invalid_primary_gender+age+income+education+party+region+employment"
"R_2tmSk2qtZnSt9La",3,6,TRUE,100,FALSE,TRUE,TRUE,"included"
"R_2tmmaU2QTUC7H0i",3,6,TRUE,100,FALSE,TRUE,TRUE,"included"
"R_2tnuDn6oYM5RVrt",3,6,TRUE,100,FALSE,TRUE,TRUE,"included"
"R_2to2PiKvquoZsgz",3,6,TRUE,100,FALSE,TRUE,TRUE,"included"
"R_2to5LS3f3b4KD9I",3,6,TRUE,100,FALSE,TRUE,TRUE,"included"
"R_2tsOwIuGhrcmFYv",3,6,TRUE,100,FALSE,TRUE,TRUE,"included"
"R_2tu6slQI4TzyRCR",3,6,TRUE,100,FALSE,TRUE,TRUE,"included"
"R_2uHE8PE1wW7fZvO",3,6,TRUE,100,FALSE,TRUE,TRUE,"included"
"R_2uKgBPLEwFXglJa",3,6,TRUE,100,FALSE,TRUE,TRUE,"included"
"R_2uQJVyLCCuQzY9A",3,6,TRUE,100,FALSE,TRUE,TRUE,"included"
"R_2uTIpTVftwomjya",3,6,TRUE,100,FALSE,TRUE,TRUE,"included"
"R_2uZZGLTkaqnZpfX",3,6,TRUE,100,FALSE,TRUE,TRUE,"included"
"R_2uqXD2uNX2CoqOD",3,6,TRUE,100,FALSE,TRUE,TRUE,"included"
"R_2v0MtCHQ7N18Wqj",3,6,TRUE,100,FALSE,TRUE,TRUE,"included"
"R_2v0pQF5vR3zDnGp",3,6,TRUE,100,FALSE,TRUE,TRUE,"included"
"R_2v7i5V4jQbYG9uG",3,6,TRUE,100,FALSE,TRUE,TRUE,"included"
"R_2wAC8cYT1RBo2KS",3,6,TRUE,100,FALSE,TRUE,TRUE,"included"
"R_2wGKe2JZwjqfQ61",3,6,TRUE,100,FALSE,TRUE,TRUE,"included"
"R_2wHSiX7m7wiSAVV",3,6,TRUE,100,FALSE,TRUE,TRUE,"included"
"R_2wKXhaSLRayEbuV",3,6,TRUE,100,FALSE,TRUE,TRUE,"included"
"R_2wNZmGZXeTNaKxN",3,6,TRUE,100,FALSE,TRUE,TRUE,"included"
"R_2wQAk1e8PbTc0aS",3,6,TRUE,100,FALSE,TRUE,TRUE,"included"
"R_2wQXQ6sRvhEhSfc",3,6,TRUE,100,FALSE,TRUE,TRUE,"included"
"R_2wbPYR1g2ih0OH3",3,6,TRUE,100,FALSE,TRUE,TRUE,"included"
"R_2wgjs2xttEhHWkZ",3,6,TRUE,100,FALSE,TRUE,TRUE,"included"
"R_2wh0vKBH1C3BV5W",3,6,TRUE,100,FALSE,TRUE,TRUE,"included"
"R_2witrHJUBRD3wMr",3,6,TRUE,100,FALSE,TRUE,TRUE,"included"
"R_2wmluBtD6Ft35ii",3,6,TRUE,100,FALSE,TRUE,TRUE,"included"
"R_2wnIKl2MgvUcX1I",3,6,TRUE,100,FALSE,TRUE,TRUE,"included"
"R_2wnssoMrN6gCrbz",3,6,TRUE,100,FALSE,TRUE,TRUE,"included"
"R_2wowb8HdSDOYgqC",3,6,TRUE,100,FALSE,TRUE,TRUE,"included"
"R_2wzgLPeGAaE79v0",3,6,TRUE,100,FALSE,TRUE,TRUE,"included"
"R_2wztm58sEtWcaeU",3,6,TRUE,100,FALSE,TRUE,TRUE,"included"
"R_2xCPaYpPpEo2Gco",3,6,TRUE,100,FALSE,TRUE,TRUE,"included"
"R_2xDckTRa0B817nw",3,6,TRUE,100,FALSE,TRUE,TRUE,"included"
"R_2xK92vsMn87Zzes",3,6,TRUE,100,FALSE,TRUE,TRUE,"included"
"R_2xQ8xoQMAtJCXcB",3,6,TRUE,100,FALSE,TRUE,TRUE,"included"
"R_2y7weAtJlH6tq9E",3,6,TRUE,100,FALSE,TRUE,TRUE,"included"
"R_2y9rYoZ64n1hGsi",3,6,TRUE,100,FALSE,TRUE,TRUE,"included"
"R_2yau5POCBjoFQ80",3,6,TRUE,100,FALSE,TRUE,TRUE,"included"
"R_2yaynZhpVHsSiJx",3,6,TRUE,100,FALSE,TRUE,TRUE,"included"
"R_2ydZ22tTZShtKJq",3,6,TRUE,100,FALSE,TRUE,TRUE,"included"
"R_2ydsJQJz17q4G7m",3,6,TRUE,100,FALSE,TRUE,TRUE,"included"
"R_2yeFc8UtnlvugcV",3,6,TRUE,100,FALSE,TRUE,TRUE,"included"
"R_2yf3dkfSQf9mh07",3,6,TRUE,100,FALSE,TRUE,TRUE,"included"
"R_2yfvXJJu9QJpIno",3,6,TRUE,100,FALSE,FALSE,FALSE,"invalid_primary_employment"
"R_2yqkgpVAwXy2HyL",3,6,TRUE,100,FALSE,TRUE,TRUE,"included"
"R_2ysBaxkmhQrAqqT",3,6,TRUE,100,FALSE,TRUE,TRUE,"included"
"R_2z5vCzehpVmxf6E",3,6,TRUE,100,FALSE,TRUE,TRUE,"included"
"R_2zMk5Jjckw38lxy",3,6,TRUE,100,FALSE,TRUE,TRUE,"included"
"R_2zRNKJ0jVAzsKIy",3,6,TRUE,100,FALSE,TRUE,TRUE,"included"
"R_2zTN5uK2LnzkCnJ",3,6,TRUE,100,FALSE,TRUE,TRUE,"included"
"R_2zUAoUali6B1r6t",3,6,TRUE,100,FALSE,TRUE,TRUE,"included"
"R_2zUSOqeOacBhwnn",3,6,TRUE,100,FALSE,FALSE,FALSE,"invalid_primary_party"
"R_2zYAdvOPbKLEo85",3,6,TRUE,100,FALSE,TRUE,TRUE,"included"
"R_2zYzQxj1xb2d2Xj",3,6,TRUE,100,FALSE,TRUE,TRUE,"included"
"R_2zj3yTR55FpP4zW",3,6,TRUE,100,FALSE,TRUE,TRUE,"included"
"R_2zjCVYJ9zGwAvwv",3,6,TRUE,100,FALSE,TRUE,TRUE,"included"
"R_2zkJJ0y2T5JE3S8",3,6,TRUE,100,FALSE,TRUE,TRUE,"included"
"R_30c00R7qaI57Fca",3,6,TRUE,100,FALSE,TRUE,TRUE,"included"
"R_30cTWXofu4eNxoE",3,6,TRUE,100,FALSE,TRUE,TRUE,"included"
"R_30eornwngFRhsod",3,6,TRUE,100,FALSE,TRUE,TRUE,"included"
"R_30eqOOGhFINLwYF",3,6,TRUE,100,FALSE,TRUE,TRUE,"included"
"R_30iO1SVamt36yEi",3,6,TRUE,100,FALSE,TRUE,TRUE,"included"
"R_30iSwaBkvWl7rJf",3,6,TRUE,100,FALSE,TRUE,TRUE,"included"
"R_30pDM1bHousPWBX",3,6,TRUE,100,FALSE,TRUE,TRUE,"included"
"R_30quGlJCHL2uSGL",3,6,TRUE,100,FALSE,TRUE,TRUE,"included"
"R_31EGMedkAQTyVWV",3,6,TRUE,100,FALSE,TRUE,TRUE,"included"
"R_31GGMoBG3aoc6ny",3,6,TRUE,100,FALSE,TRUE,TRUE,"included"
"R_31GYrJ46ewOPs6S",3,6,TRUE,100,FALSE,TRUE,TRUE,"included"
"R_31HQe6yhKE7FLF6",3,6,TRUE,100,FALSE,TRUE,TRUE,"included"
"R_31KjQ3osnUemRhf",3,6,TRUE,100,FALSE,TRUE,TRUE,"included"
"R_31NuJs4Gd17BT3A",3,6,TRUE,100,FALSE,TRUE,TRUE,"included"
"R_31SFimfUdcewvuS",3,6,TRUE,100,FALSE,TRUE,TRUE,"included"
"R_31TmOMqFtxelgu8",3,6,TRUE,100,FALSE,TRUE,TRUE,"included"
"R_31WwLELIXCHxbaA",3,6,TRUE,100,FALSE,TRUE,TRUE,"included"
"R_31YNgZNBp8T9YVW",3,6,TRUE,100,FALSE,TRUE,TRUE,"included"
"R_31dcwDMuCqoQWRQ",3,6,TRUE,100,FALSE,TRUE,TRUE,"included"
"R_31h26C2AltmtrTi",3,6,TRUE,100,FALSE,TRUE,TRUE,"included"
"R_31hMiQoqpqJgzAH",3,6,TRUE,100,FALSE,TRUE,TRUE,"included"
"R_31ynxQLbxWc1Xae",3,6,TRUE,100,FALSE,TRUE,TRUE,"included"
"R_31z561bUeqYEmSn",3,6,TRUE,100,FALSE,TRUE,TRUE,"included"
"R_322zE5oLYYfrQZO",3,6,TRUE,100,FALSE,TRUE,TRUE,"included"
"R_32KPHRekQhYhPEa",3,6,TRUE,100,FALSE,TRUE,TRUE,"included"
"R_32LaEvThnkANMlD",3,6,TRUE,100,TRUE,FALSE,FALSE,"invalid_primary_gender+age+income+education+party+region+employment"
"R_32LvdAG7p95l0nL",3,6,TRUE,100,FALSE,TRUE,TRUE,"included"
"R_32VILqPTL64Ktoq",3,6,TRUE,100,FALSE,TRUE,TRUE,"included"
"R_32W1vSUphOH750u",3,6,TRUE,100,FALSE,TRUE,TRUE,"included"
"R_333SWLYKcSRV6YB",3,6,TRUE,100,FALSE,TRUE,TRUE,"included"
"R_337PPOYORxX6g5J",3,6,TRUE,100,FALSE,TRUE,TRUE,"included"
"R_33CnU5eIsWjbZr4",3,6,TRUE,100,TRUE,FALSE,FALSE,"invalid_primary_gender+age+income+education+party+region+employment"
"R_33DV16TbPFu4WBy",3,6,TRUE,100,FALSE,TRUE,TRUE,"included"
"R_33DaugJvrH7IlJ0",3,6,TRUE,100,FALSE,TRUE,TRUE,"included"
"R_33ruEeHtiBIXYdv",3,6,TRUE,100,FALSE,TRUE,TRUE,"included"
"R_33sEnkoRcEQSsWH",3,6,TRUE,100,FALSE,TRUE,TRUE,"included"
"R_33xpoEg0zFfdosJ",3,6,TRUE,100,FALSE,TRUE,TRUE,"included"
"R_33yAq8HLF5CEMww",3,6,TRUE,100,FALSE,TRUE,TRUE,"included"
"R_38V0WjeP6o1bOoh",3,6,TRUE,100,FALSE,TRUE,TRUE,"included"
"R_39R6jQjdMxe8sAV",3,6,TRUE,100,FALSE,TRUE,TRUE,"included"
"R_39Tooq4BJeAhKNj",3,6,TRUE,100,FALSE,TRUE,TRUE,"included"
"R_3BLGonTn8JzRmN7",3,6,TRUE,100,FALSE,TRUE,TRUE,"included"
"R_3BQeuIUYsNAo1Jn",3,6,TRUE,100,FALSE,TRUE,TRUE,"included"
"R_3CBMZIMvch59K6Y",3,6,TRUE,100,FALSE,TRUE,TRUE,"included"
"R_3CI3bYW34PQ3ftZ",3,6,TRUE,100,TRUE,FALSE,FALSE,"invalid_primary_gender+age+income+education+party+region+employment"
"R_3CJK77SR5ok7Pvc",3,6,TRUE,100,FALSE,TRUE,TRUE,"included"
"R_3CQq2F9NsotAVzV",3,6,TRUE,100,FALSE,TRUE,TRUE,"included"
"R_3CTKKnfe9M4cJzL",3,6,TRUE,100,FALSE,TRUE,TRUE,"included"
"R_3CVPpWGGCOcXegZ",3,6,TRUE,100,FALSE,TRUE,TRUE,"included"
"R_3CZAOHRo8o03yYh",3,6,TRUE,100,FALSE,TRUE,TRUE,"included"
"R_3CwpcX5YtNj93PT",3,6,TRUE,100,TRUE,FALSE,FALSE,"invalid_primary_gender+age+income+education+party+region+employment"
"R_3DcPCm3mwW9hAaZ",3,6,TRUE,100,FALSE,TRUE,TRUE,"included"
"R_3DhK1R0qtdWjAw9",3,6,TRUE,100,FALSE,TRUE,TRUE,"included"
"R_3DjN8F5J8TQa25q",3,6,TRUE,100,FALSE,TRUE,TRUE,"included"
"R_3DnCS9OlnZZp8su",3,6,TRUE,100,FALSE,TRUE,TRUE,"included"
"R_3DndnwXp0EiW8KD",3,6,TRUE,100,FALSE,TRUE,TRUE,"included"
"R_3DphbsLk09QlnJu",3,6,TRUE,100,FALSE,TRUE,TRUE,"included"
"R_3Du77A8T2Ds3GND",3,6,TRUE,100,FALSE,TRUE,TRUE,"included"
"R_3EDUcSBbp0gyGes",3,6,TRUE,100,FALSE,TRUE,TRUE,"included"
"R_3EF6TXiKAm8L3aw",3,6,TRUE,100,FALSE,TRUE,TRUE,"included"
"R_3EFMelMMMHbGewh",3,6,TRUE,100,FALSE,TRUE,TRUE,"included"
"R_3EM5LtGCIkmjFhV",3,6,TRUE,100,FALSE,TRUE,TRUE,"included"
"R_3ENm5l2v8GN9JG9",3,6,TRUE,100,FALSE,TRUE,TRUE,"included"
"R_3EQCUksaM0qwlSy",3,6,FALSE,78,TRUE,FALSE,FALSE,"invalid_primary_gender+age+income+education+party+region+employment"
"R_3EQG7BuidAnuv7U",3,6,TRUE,100,FALSE,TRUE,TRUE,"included"
"R_3ESV2R3lFsZxSjA",3,6,TRUE,100,FALSE,TRUE,TRUE,"included"
"R_3ET2oKJukP6xZZC",3,6,TRUE,100,FALSE,TRUE,TRUE,"included"
"R_3EW5dzYH7CJeGzN",3,6,TRUE,100,FALSE,TRUE,TRUE,"included"
"R_3EWsIQMeksc4GR0",3,6,TRUE,100,FALSE,TRUE,TRUE,"included"
"R_3EbAMYh4dafyixd",3,6,TRUE,100,FALSE,TRUE,TRUE,"included"
"R_3EcnMylylifWvKN",3,6,TRUE,100,FALSE,TRUE,TRUE,"included"
"R_3EgaHVas2HFKDaA",3,6,TRUE,100,FALSE,TRUE,TRUE,"included"
"R_3F2wNavACns00Q1",3,6,TRUE,100,TRUE,FALSE,FALSE,"invalid_primary_gender+age+income+education+party+region+employment"
"R_3FJ38e9hhGAULTk",3,6,TRUE,100,FALSE,TRUE,TRUE,"included"
"R_3FJz5vx5xXk3tuZ",3,6,TRUE,100,FALSE,TRUE,TRUE,"included"
"R_3FKUIMQsaBzKfEH",3,6,TRUE,100,FALSE,TRUE,TRUE,"included"
"R_3FKx4RvcL11j26H",3,6,TRUE,100,FALSE,TRUE,TRUE,"included"
"R_3FORqF7Qm64GtLw",2,4,FALSE,50,TRUE,FALSE,FALSE,"fewer_than_three_tasks"
"R_3FQozf23k0JZnWg",3,6,TRUE,100,FALSE,TRUE,TRUE,"included"
"R_3FRwwdBYkUKpuQr",3,6,TRUE,100,FALSE,TRUE,TRUE,"included"
"R_3G1a8k3kwvTaDOh",3,6,TRUE,100,FALSE,TRUE,TRUE,"included"
"R_3G6Djl7BBvfWu4t",3,6,TRUE,100,FALSE,TRUE,TRUE,"included"
"R_3G7Ic1jsmAwxkG9",3,6,TRUE,100,FALSE,TRUE,TRUE,"included"
"R_3G8TzOIrHHwT6qH",3,6,TRUE,100,FALSE,TRUE,TRUE,"included"
"R_3GjIecTaLta6f9M",3,6,TRUE,100,FALSE,FALSE,FALSE,"invalid_primary_party"
"R_3Gv19I7CRThADgs",3,6,TRUE,100,FALSE,TRUE,TRUE,"included"
"R_3HFwaxngxJnJXwV",3,6,TRUE,100,TRUE,FALSE,FALSE,"invalid_primary_gender+age+income+education+party+region+employment"
"R_3HMHCnts9ZYlrul",3,6,TRUE,100,FALSE,TRUE,TRUE,"included"
"R_3HOoqdrCq6UunFc",3,6,TRUE,100,FALSE,TRUE,TRUE,"included"
"R_3HTF7GwxMyNdiQw",3,6,TRUE,100,FALSE,TRUE,TRUE,"included"
"R_3HnncVHmamp6POq",3,6,TRUE,100,FALSE,TRUE,TRUE,"included"
"R_3HqaW9qoK3cwsbw",3,6,TRUE,100,FALSE,TRUE,TRUE,"included"
"R_3HtMDsFtcDjXmlD",3,6,TRUE,100,FALSE,TRUE,TRUE,"included"
"R_3Hz61GGYvxuryy0",3,6,TRUE,100,FALSE,TRUE,TRUE,"included"
"R_3I4zxdwLXSXviv7",3,6,TRUE,100,FALSE,TRUE,TRUE,"included"
"R_3IQ98rCfzkOwkje",3,6,TRUE,100,FALSE,TRUE,TRUE,"included"
"R_3IWeSZ3HzK6GW3O",3,6,TRUE,100,FALSE,TRUE,TRUE,"included"
"R_3IaeLCyw4Wrqa1c",3,6,TRUE,100,FALSE,TRUE,TRUE,"included"
"R_3Ibit41L8OuiceD",3,6,TRUE,100,FALSE,TRUE,TRUE,"included"
"R_3IcSTttltvyw8oO",3,6,TRUE,100,FALSE,TRUE,TRUE,"included"
"R_3IwyFwjxYscSlgt",3,6,TRUE,100,FALSE,TRUE,TRUE,"included"
"R_3J3sBoYLnr53ZJf",3,6,TRUE,100,FALSE,TRUE,TRUE,"included"
"R_3J4Mo7r0aMhgFdn",3,6,TRUE,100,FALSE,TRUE,TRUE,"included"
"R_3JCoYGcu8gYNMUC",3,6,TRUE,100,FALSE,TRUE,TRUE,"included"
"R_3JDVSW7NLClNWfL",3,6,TRUE,100,FALSE,TRUE,TRUE,"included"
"R_3JKrqeH6V6k0dBn",3,6,TRUE,100,FALSE,TRUE,TRUE,"included"
"R_3JKwmc9cavjfz2S",3,6,TRUE,100,FALSE,TRUE,TRUE,"included"
"R_3JL4gesUfpnj8KZ",3,6,TRUE,100,FALSE,TRUE,TRUE,"included"
"R_3Je5tsyKSmBuNTH",3,6,TRUE,100,FALSE,TRUE,TRUE,"included"
"R_3JeH3cOgGPEpgYU",3,6,TRUE,100,FALSE,TRUE,TRUE,"included"
"R_3JfrJbpyPSZ4reK",3,6,TRUE,100,FALSE,TRUE,TRUE,"included"
"R_3JgUQWrX5SvLcd2",3,6,TRUE,100,FALSE,TRUE,TRUE,"included"
"R_3JqMVzXrIZJRung",3,6,TRUE,100,FALSE,TRUE,TRUE,"included"
"R_3JyMSboFV5Z5iNY",3,6,TRUE,100,FALSE,TRUE,TRUE,"included"
"R_3JzvSQUvh52HkJB",3,6,TRUE,100,FALSE,TRUE,TRUE,"included"
"R_3KGXm5LgsRl976h",3,6,TRUE,100,FALSE,TRUE,TRUE,"included"
"R_3KHqg1PQ0UGkXlg",3,6,TRUE,100,FALSE,TRUE,TRUE,"included"
"R_3KIXdN9wP2z7CEw",3,6,TRUE,100,FALSE,FALSE,FALSE,"invalid_primary_income"
"R_3KJEOFlkyT1esja",3,6,TRUE,100,FALSE,TRUE,TRUE,"included"
"R_3KUeFqgfW2zRfmp",3,6,TRUE,100,FALSE,TRUE,TRUE,"included"
"R_3KV2qylaA0P4pyU",3,6,TRUE,100,FALSE,TRUE,TRUE,"included"
"R_3KqPvHnI9LCAzZw",3,6,TRUE,100,FALSE,TRUE,TRUE,"included"
"R_3Kwu4EUPy7kA9GT",3,6,TRUE,100,FALSE,TRUE,TRUE,"included"
"R_3KxA7TgjPaEGjUe",3,6,TRUE,100,FALSE,TRUE,TRUE,"included"
"R_3KxR9AmCOmQDLVP",3,6,TRUE,100,TRUE,FALSE,FALSE,"invalid_primary_gender+age+income+education+party+region+employment"
"R_3KxT00GcLbc9vWl",3,6,TRUE,100,FALSE,TRUE,TRUE,"included"
"R_3KxpSTyr7czWiRd",3,6,TRUE,100,FALSE,TRUE,TRUE,"included"
"R_3L4JhR72Ldfnr8I",3,6,TRUE,100,FALSE,TRUE,TRUE,"included"
"R_3L7slV2Pg2u78NI",3,6,TRUE,100,FALSE,TRUE,TRUE,"included"
"R_3LcXjwS6is4788H",3,6,TRUE,100,FALSE,TRUE,TRUE,"included"
"R_3Lce6WTkhj3TERX",3,6,TRUE,100,FALSE,TRUE,TRUE,"included"
"R_3LjaPlZVhsIGItn",3,6,TRUE,100,FALSE,TRUE,TRUE,"included"
"R_3MLlP2lwF6NAGGN",3,6,TRUE,100,FALSE,TRUE,TRUE,"included"
"R_3MPQbgv5Zn5lR5s",3,6,TRUE,100,FALSE,TRUE,TRUE,"included"
"R_3MQJRPDyl4M9uV1",3,6,TRUE,100,FALSE,TRUE,TRUE,"included"
"R_3MQZNh5nPKW4ycS",3,6,TRUE,100,FALSE,TRUE,TRUE,"included"
"R_3MRq3DxHx7skXwr",3,6,TRUE,100,FALSE,TRUE,TRUE,"included"
"R_3Ma63ODo2QWDglq",3,6,TRUE,100,FALSE,TRUE,TRUE,"included"
"R_3Mb2X0MElV9LNbG",3,6,TRUE,100,FALSE,TRUE,TRUE,"included"
"R_3MifKqAIu2BpgtB",3,6,TRUE,100,FALSE,TRUE,TRUE,"included"
"R_3Mogl2ly85cvHd7",3,6,TRUE,100,FALSE,TRUE,TRUE,"included"
"R_3MyukZLBNbCfnnd",3,6,TRUE,100,FALSE,TRUE,TRUE,"included"
"R_3NBR10gSIG5D5YW",3,6,TRUE,100,FALSE,TRUE,TRUE,"included"
"R_3NVdg1WTmsyjODi",3,6,TRUE,100,FALSE,TRUE,TRUE,"included"
"R_3NWCt2HE3nbXxRx",3,6,TRUE,100,FALSE,TRUE,TRUE,"included"
"R_3NWY8l8BrZWT7uh",3,6,TRUE,100,FALSE,TRUE,TRUE,"included"
"R_3O1H4V0TgzYjPl9",3,6,TRUE,100,FALSE,TRUE,TRUE,"included"
"R_3OAEqIon0qmAUNz",3,6,TRUE,100,FALSE,TRUE,TRUE,"included"
"R_3Of6upKM4YMDWXs",3,6,TRUE,100,FALSE,TRUE,TRUE,"included"
"R_3OkU6X6HM9gLS0g",3,6,TRUE,100,FALSE,TRUE,TRUE,"included"
"R_3P6mHxi9wGYwGDp",3,6,TRUE,100,FALSE,TRUE,TRUE,"included"
"R_3P78sgN3aLbfMzJ",3,6,TRUE,100,FALSE,TRUE,TRUE,"included"
"R_3PI8fRZ088IcMCV",3,6,TRUE,100,FALSE,TRUE,TRUE,"included"
"R_3PLXhJQH2XZCYs1",3,6,TRUE,100,FALSE,TRUE,TRUE,"included"
"R_3PMEYsW11GxKkGr",3,6,TRUE,100,TRUE,FALSE,FALSE,"invalid_primary_gender+age+income+education+party+region+employment"
"R_3PMK2CeWKgdKHOM",3,6,TRUE,100,FALSE,TRUE,TRUE,"included"
"R_3PQNwIb6DdSty1e",3,6,TRUE,100,FALSE,TRUE,TRUE,"included"
"R_3PYw21ImNfnRJgI",3,6,TRUE,100,FALSE,TRUE,TRUE,"included"
"R_3PcdoaoQHtxVRgL",3,6,TRUE,100,FALSE,TRUE,TRUE,"included"
"R_3Pi4bHoVFrB2bzm",3,6,TRUE,100,FALSE,TRUE,TRUE,"included"
"R_3Pp2mvMcrTGy7WD",3,6,TRUE,100,FALSE,TRUE,TRUE,"included"
"R_3QDx1EYZ0OPgvDQ",3,6,TRUE,100,FALSE,TRUE,TRUE,"included"
"R_3QFR5u3Hpta79QN",3,6,TRUE,100,FALSE,TRUE,TRUE,"included"
"R_3QFUQ1mo7aL9TGI",3,6,TRUE,100,FALSE,TRUE,TRUE,"included"
"R_3QJLEFGxBKJ12jX",3,6,TRUE,100,FALSE,TRUE,TRUE,"included"
"R_3QMKzobcJUH3mxS",3,6,TRUE,100,FALSE,TRUE,TRUE,"included"
"R_3QRhChkenlzIXDL",3,6,TRUE,100,FALSE,TRUE,TRUE,"included"
"R_3RfmwgQSiNazQPx",3,6,TRUE,100,FALSE,TRUE,TRUE,"included"
"R_3RpIfORlKPMuwOw",3,6,TRUE,100,FALSE,TRUE,TRUE,"included"
"R_3RqoUihcide8bDl",3,6,TRUE,100,FALSE,TRUE,TRUE,"included"
"R_3Rx3iHMesrSqyp1",3,6,TRUE,100,FALSE,TRUE,TRUE,"included"
"R_3Rx8NoMNWRwvzdx",3,6,TRUE,100,FALSE,TRUE,TRUE,"included"
"R_3Rz9AcIvlKB7pft",3,6,TRUE,100,FALSE,TRUE,TRUE,"included"
"R_3Wz6ubAc53zUffP",3,6,TRUE,100,FALSE,TRUE,TRUE,"included"
"R_3X9lPyekVuJpX3P",3,6,TRUE,100,FALSE,TRUE,TRUE,"included"
"R_3dFk5WGdRfE9xME",3,6,TRUE,100,FALSE,TRUE,TRUE,"included"
"R_3dHcx9ba0VlG260",3,6,TRUE,100,TRUE,FALSE,FALSE,"invalid_primary_gender+age+income+education+party+region+employment"
"R_3dLClGGPNZhKvhP",3,6,TRUE,100,FALSE,TRUE,TRUE,"included"
"R_3dXknxTFRfBq2Ky",3,6,TRUE,100,FALSE,TRUE,TRUE,"included"
"R_3dY5DxEGIfwNVFr",3,6,TRUE,100,FALSE,TRUE,TRUE,"included"
"R_3dYg1hvBPjKRQwM",3,6,TRUE,100,FALSE,TRUE,TRUE,"included"
"R_3e2idUyUB751oGU",3,6,TRUE,100,FALSE,TRUE,TRUE,"included"
"R_3ewYNr7RYUEPlZZ",3,6,TRUE,100,FALSE,TRUE,TRUE,"included"
"R_3eyTuzSV90VLPUn",3,6,TRUE,100,FALSE,TRUE,TRUE,"included"
"R_3ezh8irDEmtDVL8",3,6,TRUE,100,FALSE,TRUE,TRUE,"included"
"R_3fCa3tqpDC489KV",3,6,TRUE,100,FALSE,TRUE,TRUE,"included"
"R_3fE6EKV5Cae1uQf",3,6,TRUE,100,FALSE,TRUE,TRUE,"included"
"R_3fH2fhiEkgzElVx",3,6,TRUE,100,FALSE,TRUE,TRUE,"included"
"R_3fOG80iN8cHMIlZ",3,6,TRUE,100,FALSE,TRUE,TRUE,"included"
"R_3fWeR3XXQisRcGQ",3,6,TRUE,100,FALSE,TRUE,TRUE,"included"
"R_3fWgePLfxTqA3q7",3,6,TRUE,100,FALSE,TRUE,TRUE,"included"
"R_3fZfMoGDdADXKqJ",3,6,TRUE,100,FALSE,TRUE,TRUE,"included"
"R_3foDKqdWsR5Nnww",3,6,TRUE,100,FALSE,TRUE,TRUE,"included"
"R_3fqPuvAdmu18xwV",3,6,TRUE,100,FALSE,TRUE,TRUE,"included"
"R_3fwaU7RUMSKjj9w",3,6,TRUE,100,FALSE,TRUE,TRUE,"included"
"R_3fwpbzseVreCtmk",3,6,TRUE,100,FALSE,TRUE,TRUE,"included"
"R_3fws6MO50Yw9Kvf",3,6,TRUE,100,FALSE,TRUE,TRUE,"included"
"R_3g00rXjlUvHLVcj",3,6,TRUE,100,FALSE,TRUE,TRUE,"included"
"R_3g78WTKKH2tuLB0",3,6,TRUE,100,FALSE,TRUE,TRUE,"included"
"R_3gN7xB199V2tbIY",3,6,TRUE,100,FALSE,TRUE,TRUE,"included"
"R_3gT2PL8U8ZRHNaL",3,6,TRUE,100,FALSE,TRUE,TRUE,"included"
"R_3gU6rHRqiYCdlHy",3,6,TRUE,100,FALSE,TRUE,TRUE,"included"
"R_3gXzYDqyYUCCHOh",3,6,TRUE,100,FALSE,TRUE,TRUE,"included"
"R_3gZ2qa2SOasUBnv",3,6,TRUE,100,FALSE,TRUE,TRUE,"included"
"R_3h0Cuq4GoXVd7iR",3,6,TRUE,100,FALSE,TRUE,TRUE,"included"
"R_3h5X9yHeiE1LvGw",3,6,TRUE,100,FALSE,TRUE,TRUE,"included"
"R_3hA2g7wnPtTg5sx",3,6,TRUE,100,FALSE,TRUE,TRUE,"included"
"R_3hDVoXFom3nmku9",3,6,TRUE,100,TRUE,FALSE,FALSE,"invalid_primary_gender+age+income+education+party+region+employment"
"R_3hF2cGkKPYGtDpt",3,6,TRUE,100,FALSE,TRUE,TRUE,"included"
"R_3ha2YLJdOiWp0k5",3,6,TRUE,100,FALSE,TRUE,TRUE,"included"
"R_3haIXLvOwyEa0yv",3,6,TRUE,100,FALSE,TRUE,TRUE,"included"
"R_3hhdOdQ4YWQCb6K",3,6,TRUE,100,FALSE,TRUE,TRUE,"included"
"R_3hmwySkwIpWhsub",3,6,TRUE,100,FALSE,TRUE,TRUE,"included"
"R_3iKGxc6anl4u9r4",3,6,TRUE,100,FALSE,TRUE,TRUE,"included"
"R_3iPFcYHaOji8M1Z",3,6,TRUE,100,FALSE,TRUE,TRUE,"included"
"R_3ilfflFK9eQ80Oa",3,6,TRUE,100,FALSE,TRUE,TRUE,"included"
"R_3imX0mz6Ew3CTOq",3,6,TRUE,100,FALSE,TRUE,TRUE,"included"
"R_3inhJ4ciDxzQiyQ",3,6,TRUE,100,FALSE,TRUE,TRUE,"included"
"R_3isX9vJ2S4a31nl",3,6,TRUE,100,FALSE,TRUE,TRUE,"included"
"R_3isYaAbRQxKIjzG",3,6,TRUE,100,FALSE,TRUE,TRUE,"included"
"R_3iwEjWtxJGCq0EE",3,6,TRUE,100,FALSE,TRUE,TRUE,"included"
"R_3ixv6OKAsRQxQJ6",3,6,TRUE,100,FALSE,TRUE,TRUE,"included"
"R_3j1W2PbUDMHk4Ji",3,6,TRUE,100,FALSE,TRUE,TRUE,"included"
"R_3j2LtRet9KYZgiO",3,6,TRUE,100,FALSE,TRUE,TRUE,"included"
"R_3j70Fa5LFKXuKEY",3,6,TRUE,100,TRUE,FALSE,FALSE,"invalid_primary_gender+age+income+education+party+region+employment"
"R_3j8p8H2mR6m0i5v",3,6,TRUE,100,FALSE,TRUE,TRUE,"included"
"R_3jAw9Wso6n9IgOR",3,6,TRUE,100,FALSE,TRUE,TRUE,"included"
"R_3jUUI9coJv1C7YS",3,6,TRUE,100,FALSE,TRUE,TRUE,"included"
"R_3jUlFNFakvQJgxS",3,6,TRUE,100,TRUE,FALSE,FALSE,"invalid_primary_gender+age+income+education+party+region+employment"
"R_3jZL1fLySW2NFPP",3,6,TRUE,100,FALSE,TRUE,TRUE,"included"
"R_3jZgGjRJplUy8UZ",3,6,TRUE,100,FALSE,TRUE,TRUE,"included"
"R_3jcBUewmKk99amc",3,6,TRUE,100,FALSE,TRUE,TRUE,"included"
"R_3k0q6xwrV6Vjn4w",3,6,TRUE,100,FALSE,TRUE,TRUE,"included"
"R_3k1ZPXNK7bKJzKL",3,6,TRUE,100,FALSE,TRUE,TRUE,"included"
"R_3k52TnrQCuKvGij",3,6,TRUE,100,FALSE,TRUE,TRUE,"included"
"R_3kESQ6Nqzto5PFy",3,6,TRUE,100,FALSE,TRUE,TRUE,"included"
"R_3kMwTDY5oKss0jq",3,6,TRUE,100,FALSE,TRUE,TRUE,"included"
"R_3kc73dUVOqvHwA6",3,6,TRUE,100,FALSE,TRUE,TRUE,"included"
"R_3kdfibKWDnaPbRv",3,6,TRUE,100,FALSE,TRUE,TRUE,"included"
"R_3kgPoTmAgCUwGyr",3,6,TRUE,100,FALSE,TRUE,TRUE,"included"
"R_3kiCKJHi0f1AUzj",3,6,TRUE,100,FALSE,TRUE,TRUE,"included"
"R_3kmO1EWHxCCnTIn",3,6,TRUE,100,FALSE,TRUE,TRUE,"included"
"R_3koyinu7N7oQY13",3,6,TRUE,100,FALSE,TRUE,TRUE,"included"
"R_3kq8d4kVLQfJgYH",3,6,TRUE,100,FALSE,TRUE,TRUE,"included"
"R_3lPOFqEFbw2vrir",3,6,TRUE,100,FALSE,TRUE,TRUE,"included"
"R_3lQ4Ycxd2nlFfpb",3,6,TRUE,100,FALSE,TRUE,TRUE,"included"
"R_3lQ4mWKAs2mNexq",3,6,TRUE,100,FALSE,TRUE,TRUE,"included"
"R_3lS6fJEVXd43sfL",3,6,TRUE,100,FALSE,TRUE,TRUE,"included"
"R_3lS7rh3VqL5H2zc",3,6,TRUE,100,FALSE,TRUE,TRUE,"included"
"R_3lWhCcS3bSP8HuJ",3,6,TRUE,100,FALSE,TRUE,TRUE,"included"
"R_3lXP2HvdNcfc8qf",3,6,TRUE,100,FALSE,TRUE,TRUE,"included"
"R_3m3Q0M2JMpw16xn",3,6,TRUE,100,FALSE,TRUE,TRUE,"included"
"R_3m7TudQHWbcMUVo",3,6,TRUE,100,FALSE,TRUE,TRUE,"included"
"R_3maDhkViloxNiKM",3,6,TRUE,100,FALSE,TRUE,TRUE,"included"
"R_3mfXZOxEVWXzepH",3,6,TRUE,100,FALSE,TRUE,TRUE,"included"
"R_3mh3vTIFqX0YGU9",3,6,TRUE,100,FALSE,TRUE,TRUE,"included"
"R_3ml8xSDMQpBoX5B",3,6,TRUE,100,FALSE,TRUE,TRUE,"included"
"R_3mlCtHyBgPtKCgh",3,6,TRUE,100,FALSE,TRUE,TRUE,"included"
"R_3n6L6hUCHWsOY5a",3,6,TRUE,100,FALSE,TRUE,TRUE,"included"
"R_3n748qQZT9h1pso",3,6,TRUE,100,FALSE,TRUE,TRUE,"included"
"R_3n8xivzRykrZoDW",3,6,TRUE,100,FALSE,TRUE,TRUE,"included"
"R_3nCTEUEQPgE3zLt",3,6,TRUE,100,FALSE,TRUE,TRUE,"included"
"R_3nJb0W9RghqL3w8",3,6,TRUE,100,FALSE,TRUE,TRUE,"included"
"R_3nNxEozDkmLj97b",3,6,TRUE,100,FALSE,TRUE,TRUE,"included"
"R_3nPHPkcxDAoDE0U",3,6,TRUE,100,FALSE,TRUE,TRUE,"included"
"R_3nPLoQ6Sgaz2LhK",3,6,TRUE,100,FALSE,TRUE,TRUE,"included"
"R_3nPhiNtFBZnR4hc",3,6,TRUE,100,FALSE,TRUE,TRUE,"included"
"R_3nPqU4eByiYam1P",3,6,TRUE,100,FALSE,TRUE,TRUE,"included"
"R_3nTusKFACISRP41",3,6,TRUE,100,FALSE,TRUE,TRUE,"included"
"R_3nVJwtklF2Z6Twk",3,6,TRUE,100,FALSE,TRUE,TRUE,"included"
"R_3ndyW00wb7aTGEY",3,6,TRUE,100,FALSE,TRUE,TRUE,"included"
"R_3nfrUuzLhDqr47Q",3,6,TRUE,100,FALSE,TRUE,TRUE,"included"
"R_3nls03Ah6BfmSpg",3,6,TRUE,100,FALSE,TRUE,TRUE,"included"
"R_3nvlU2FEno8oEUE",3,6,TRUE,100,FALSE,TRUE,TRUE,"included"
"R_3oECZIXNLRyOgCz",3,6,TRUE,100,FALSE,TRUE,TRUE,"included"
"R_3oGR9s8J1Eqbb4E",3,6,TRUE,100,FALSE,TRUE,TRUE,"included"
"R_3oRd4hH6Tn6IBKD",3,6,TRUE,100,FALSE,TRUE,TRUE,"included"
"R_3oWUiY4t9ssYKcV",3,6,TRUE,100,FALSE,TRUE,TRUE,"included"
"R_3oYFCpSEXWI28O0",3,6,TRUE,100,FALSE,TRUE,TRUE,"included"
"R_3ozLWz7zfWH0ER4",3,6,TRUE,100,FALSE,FALSE,FALSE,"invalid_primary_party"
"R_3par1s8o0GvjpTa",3,6,TRUE,100,FALSE,TRUE,TRUE,"included"
"R_3pb8x0JefBMb628",3,6,TRUE,100,FALSE,TRUE,TRUE,"included"
"R_3pfGeoSmuC1xKel",3,6,TRUE,100,FALSE,TRUE,TRUE,"included"
"R_3pfq2lm8Dw6nud3",3,6,TRUE,100,FALSE,TRUE,TRUE,"included"
"R_3pgadiar7CPLmpO",3,6,TRUE,100,FALSE,TRUE,TRUE,"included"
"R_3phwbJhVxr4hOIu",3,6,TRUE,100,FALSE,TRUE,TRUE,"included"
"R_3plJUufZ1Ymzaja",3,6,TRUE,100,FALSE,TRUE,TRUE,"included"
"R_3q7jMHStFquJKvG",3,6,TRUE,100,FALSE,TRUE,TRUE,"included"
"R_3qEiJwa78C2w9Ui",3,6,TRUE,100,FALSE,TRUE,TRUE,"included"
"R_3qX2h8b1wBqkKYa",3,6,TRUE,100,FALSE,TRUE,TRUE,"included"
"R_3qZJ8nkIKBhVzpe",3,6,TRUE,100,FALSE,TRUE,TRUE,"included"
"R_3qZLaxddaHd7E8N",3,6,TRUE,100,FALSE,TRUE,TRUE,"included"
"R_3qaHdfh6Ox6MZWk",3,6,TRUE,100,FALSE,TRUE,TRUE,"included"
"R_3qdqJBLfrv3GURI",3,6,TRUE,100,FALSE,TRUE,TRUE,"included"
"R_3qkdPtoUth4o8O4",3,6,TRUE,100,FALSE,TRUE,TRUE,"included"
"R_3qpWfjMmvCMUXUA",3,6,TRUE,100,FALSE,TRUE,TRUE,"included"
"R_3qx12suyjS1ppaH",3,6,TRUE,100,FALSE,TRUE,TRUE,"included"
"R_3qxGqErrCY1Z8jQ",3,6,TRUE,100,FALSE,TRUE,TRUE,"included"
"R_3qywZsUOuocjMC2",3,6,TRUE,100,FALSE,TRUE,TRUE,"included"
"R_3r0VRazg9cxZKlG",3,6,TRUE,100,FALSE,TRUE,TRUE,"included"
"R_3rJ7WW6q5n6FiaM",3,6,TRUE,100,FALSE,TRUE,TRUE,"included"
"R_3rNVt9TykGmUX87",3,6,TRUE,100,FALSE,TRUE,TRUE,"included"
"R_3rNdmUfwyHp17Mx",3,6,TRUE,100,FALSE,TRUE,TRUE,"included"
"R_3rTWUXUiY3bF4ll",3,6,TRUE,100,FALSE,TRUE,TRUE,"included"
"R_3rUsOK8IxNAWMSF",3,6,TRUE,100,FALSE,TRUE,TRUE,"included"
"R_3rVvlf7Mgx6MlqS",3,6,TRUE,100,FALSE,TRUE,TRUE,"included"
"R_3sA3wte8ZePLnbd",3,6,TRUE,100,FALSE,TRUE,TRUE,"included"
"R_3sbOt796DXaJCqq",3,6,TRUE,100,FALSE,TRUE,TRUE,"included"
"R_3si5rZVKUR4ost6",3,6,TRUE,100,FALSE,TRUE,TRUE,"included"
"R_3si91dsj9Y1UF5j",3,6,TRUE,100,FALSE,TRUE,TRUE,"included"
"R_3spH8xVUQ89VjkS",3,6,TRUE,100,TRUE,FALSE,FALSE,"invalid_primary_gender+age+income+education+party+region+employment"
"R_3yIKgsNCsJiuMNP",3,6,TRUE,100,FALSE,TRUE,TRUE,"included"
"R_41OqXpSEvfCvpYJ",3,6,TRUE,100,FALSE,TRUE,TRUE,"included"
"R_42XpY83C1W3ojop",3,6,TRUE,100,FALSE,TRUE,TRUE,"included"
"R_42xUyBjGHhxXh5f",3,6,TRUE,100,FALSE,TRUE,TRUE,"included"
"R_4GjV7uErT5CUCLD",3,6,TRUE,100,FALSE,TRUE,TRUE,"included"
"R_4NF0VWQBqFtAvm1",3,6,TRUE,100,FALSE,TRUE,TRUE,"included"
"R_4T947aoAXSTd2hP",3,6,TRUE,100,FALSE,TRUE,TRUE,"included"
"R_4YJp1whvJ7QCcpP",3,6,TRUE,100,FALSE,TRUE,TRUE,"included"
"R_51hphclw7XSXXfL",3,6,TRUE,100,FALSE,TRUE,TRUE,"included"
"R_51lNn42Pzx40wUR",3,6,TRUE,100,FALSE,TRUE,TRUE,"included"
"R_54tA1jXoUZ6QIjX",3,6,TRUE,100,FALSE,TRUE,TRUE,"included"
"R_56mGt2VkPH9MkQ9",3,6,TRUE,100,FALSE,TRUE,TRUE,"included"
"R_57Qvh4tLPn0NmtH",3,6,TRUE,100,FALSE,TRUE,TRUE,"included"
"R_57tblyfgJ0l37QR",3,6,TRUE,100,FALSE,TRUE,TRUE,"included"
"R_5bVPYLGWT4TdHqx",3,6,TRUE,100,FALSE,TRUE,TRUE,"included"
"R_5bs6ivFDsrb6hDb",3,6,TRUE,100,FALSE,TRUE,TRUE,"included"
"R_5cHKHP2MjrPh0ul",3,6,TRUE,100,FALSE,TRUE,TRUE,"included"
"R_5d9EjK7u2VQ7k7X",3,6,TRUE,100,FALSE,TRUE,TRUE,"included"
"R_5gWp9IMyQ7oJrIl",3,6,TRUE,100,FALSE,TRUE,TRUE,"included"
"R_5gtfBHmMT30XRFn",3,6,TRUE,100,FALSE,TRUE,TRUE,"included"
"R_5i5Q8NCqbAbkHe1",3,6,TRUE,100,FALSE,TRUE,TRUE,"included"
"R_5iQqiQytHBKTcGZ",2,4,FALSE,50,TRUE,FALSE,FALSE,"fewer_than_three_tasks"
"R_5u3Rz07EYdvbvVv",3,6,TRUE,100,FALSE,TRUE,TRUE,"included"
"R_5yyl4lHeF25KCc1",3,6,TRUE,100,FALSE,TRUE,TRUE,"included"
"R_6A7rb42hA9LwteV",3,6,TRUE,100,FALSE,TRUE,TRUE,"included"
"R_6JuNFaG3U2fl6Ip",3,6,TRUE,100,FALSE,TRUE,TRUE,"included"
"R_6Kec6897F27ltzH",3,6,TRUE,100,FALSE,TRUE,TRUE,"included"
"R_6PwAPLsrlPtalxL",3,6,TRUE,100,FALSE,TRUE,TRUE,"included"
"R_6Xw5rB1T63TOBGx",3,6,TRUE,100,FALSE,TRUE,TRUE,"included"
"R_6YftUILUrK7Wsrb",3,6,TRUE,100,FALSE,TRUE,TRUE,"included"
"R_6g7KgWdurUoP6nf",3,6,TRUE,100,FALSE,TRUE,TRUE,"included"
"R_6ln9xm4szBET21P",3,6,TRUE,100,FALSE,TRUE,TRUE,"included"
"R_6nUXkNXV6DW3tlL",3,6,TRUE,100,FALSE,TRUE,TRUE,"included"
"R_6r1a45xxUarVmEN",3,6,TRUE,100,FALSE,TRUE,TRUE,"included"
"R_6r6JLPyscJwazJz",3,6,TRUE,100,FALSE,TRUE,TRUE,"included"
"R_6uqY3lJxsxWz4YB",3,6,FALSE,78,TRUE,FALSE,FALSE,"invalid_primary_gender+age+income+education+party+region+employment"
"R_6yZOSmL5eBQu8aB",3,6,TRUE,100,FALSE,TRUE,TRUE,"included"
"R_71BJxYhL9nBop2h",3,6,TRUE,100,FALSE,TRUE,TRUE,"included"
"R_79S3U3hArSewfy9",3,6,TRUE,100,FALSE,TRUE,TRUE,"included"
"R_79WCLexEdiv2KEp",3,6,TRUE,100,FALSE,TRUE,TRUE,"included"
"R_79Xzet0QFRMJr33",3,6,TRUE,100,FALSE,TRUE,TRUE,"included"
"R_7OLd575xD8fbJEB",3,6,TRUE,100,FALSE,TRUE,TRUE,"included"
"R_7OjmpTHTMqleIiR",3,6,TRUE,100,FALSE,TRUE,TRUE,"included"
"R_81bagtZO91ek2wV",3,6,TRUE,100,FALSE,TRUE,TRUE,"included"
"R_86aUA1grWM0rp7z",3,6,TRUE,100,FALSE,TRUE,TRUE,"included"
"R_88p9Y2eetbhguHf",3,6,TRUE,100,FALSE,TRUE,TRUE,"included"
"R_8JlohHWPfS8EIc9",3,6,TRUE,100,FALSE,TRUE,TRUE,"included"
"R_8idSYPvwII11ern",3,6,TRUE,100,FALSE,TRUE,TRUE,"included"
"R_8kN2Qj39Dwc7j5n",3,6,TRUE,100,FALSE,TRUE,TRUE,"included"
"R_8qYKEDicoHCuyUV",3,6,TRUE,100,FALSE,TRUE,TRUE,"included"
"R_9EQWe962qkWfv7b",3,6,TRUE,100,FALSE,TRUE,TRUE,"included"
"R_9Gl5F4vGVtvioVP",3,6,TRUE,100,FALSE,TRUE,TRUE,"included"
"R_9HnScNnpgAX3BG9",3,6,TRUE,100,FALSE,TRUE,TRUE,"included"
"R_9NzJbO2V9s8byXD",3,6,TRUE,100,FALSE,TRUE,TRUE,"included"
"R_9S6OYZgJCqgUpoJ",3,6,TRUE,100,FALSE,TRUE,TRUE,"included"
"R_9YVeIAK03f2vqZH",3,6,TRUE,100,FALSE,TRUE,TRUE,"included"
"R_9YtjFi3lH2t7O8h",3,6,TRUE,100,TRUE,FALSE,FALSE,"invalid_primary_gender+age+income+education+party+region+employment"
"R_9ZDdvVtci4Rujfj",3,6,TRUE,100,FALSE,TRUE,TRUE,"included"
"R_9pKfmFJ1bGRId57",3,6,TRUE,100,FALSE,TRUE,TRUE,"included"
"R_9sIWKzYwT4FlHzj",3,6,TRUE,100,FALSE,TRUE,TRUE,"included"
"R_9sq34DwloGHV0pH",3,6,TRUE,100,FALSE,TRUE,TRUE,"included"
"R_9t3dm5INg8ubRv3",3,6,TRUE,100,FALSE,TRUE,TRUE,"included"
"R_A7pg3qpP5E2Zp8l",3,6,TRUE,100,FALSE,TRUE,TRUE,"included"
"R_AB3JiRwOEvC0mqZ",3,6,TRUE,100,FALSE,TRUE,TRUE,"included"
"R_AG92nnpmPNreIfL",3,6,TRUE,100,FALSE,TRUE,TRUE,"included"
"R_AHT5kiAFyciroWJ",3,6,TRUE,100,FALSE,TRUE,TRUE,"included"
"R_ALO6RR9kykrSHfj",3,6,TRUE,100,FALSE,TRUE,TRUE,"included"
"R_AMcY2RDTjX2XeVP",3,6,TRUE,100,FALSE,TRUE,TRUE,"included"
"R_AnXksGAjIAQJohb",3,6,TRUE,100,FALSE,TRUE,TRUE,"included"
"R_AolfzUgY0aiqmRz",3,6,TRUE,100,FALSE,TRUE,TRUE,"included"
"R_BCYnuf38674z9mx",3,6,TRUE,100,FALSE,TRUE,TRUE,"included"
"R_BDonVKwpEKAMYRr",3,6,TRUE,100,FALSE,TRUE,TRUE,"included"
"R_BEaQihnr6nt70DT",3,6,TRUE,100,FALSE,TRUE,TRUE,"included"
"R_BFkJOcmHd4boX5f",3,6,TRUE,100,FALSE,TRUE,TRUE,"included"
"R_BJOWrmgCF2eyCch",3,6,TRUE,100,FALSE,TRUE,TRUE,"included"
"R_BJpHk2vMjpBfU8p",3,6,TRUE,100,FALSE,TRUE,TRUE,"included"
"R_BQ7kJNt2vF64nxD",3,6,TRUE,100,FALSE,TRUE,TRUE,"included"
"R_BR0PLvf2OVOKBUJ",3,6,TRUE,100,FALSE,TRUE,TRUE,"included"
"R_BYCy5y310ZQZ8cx",3,6,TRUE,100,FALSE,TRUE,TRUE,"included"
"R_BrkGzOfGro77eSt",3,6,TRUE,100,FALSE,TRUE,TRUE,"included"
"R_Bu154OLDIetOSzf",3,6,TRUE,100,FALSE,TRUE,TRUE,"included"
"R_ByX4WHTUF8mmp8t",3,6,TRUE,100,FALSE,TRUE,TRUE,"included"
"R_Bzc0wxABKOTrrj3",3,6,TRUE,100,FALSE,TRUE,TRUE,"included"
"R_C3xYvkaTqe7LkbL",3,6,TRUE,100,FALSE,TRUE,TRUE,"included"
"R_DGhYTN3vOZMokmt",3,6,TRUE,100,FALSE,TRUE,TRUE,"included"
"R_DHvTu2UsjlL65Xz",3,6,TRUE,100,FALSE,TRUE,TRUE,"included"
"R_DI5wpLK39mXDNBL",3,6,TRUE,100,FALSE,TRUE,TRUE,"included"
"R_DN5rLEWAXMPMrXX",3,6,TRUE,100,FALSE,TRUE,TRUE,"included"
"R_DNyJAkiVfCDJr1L",3,6,TRUE,100,FALSE,TRUE,TRUE,"included"
"R_DTS5M824bUIc2Gd",3,6,TRUE,100,FALSE,TRUE,TRUE,"included"
"R_DtQjmDai4ZF7Btf",3,6,TRUE,100,FALSE,TRUE,TRUE,"included"
"R_DuUOgBTU39a5Xyx",3,6,TRUE,100,FALSE,TRUE,TRUE,"included"
"R_Dv1WBTeKMJy0bfj",3,6,TRUE,100,FALSE,TRUE,TRUE,"included"
"R_Dw9WGyV4b5MFPrP",3,6,TRUE,100,FALSE,TRUE,TRUE,"included"
"R_NXTlIIQ4ecCiLjX",3,6,TRUE,100,FALSE,TRUE,TRUE,"included"
"R_O2t8tZT5uQhdSyB",3,6,TRUE,100,FALSE,TRUE,TRUE,"included"
"R_O3RiJ0xfCi6wr3r",3,6,TRUE,100,FALSE,TRUE,TRUE,"included"
"R_O7pQHn9olxORBpD",3,6,TRUE,100,FALSE,TRUE,TRUE,"included"
"R_O810vblvVG79EFH",3,6,TRUE,100,FALSE,TRUE,TRUE,"included"
"R_O88vSX2lnvaODhT",3,6,TRUE,100,FALSE,TRUE,TRUE,"included"
"R_O8UUQIFDnQymtYR",3,6,TRUE,100,FALSE,TRUE,TRUE,"included"
"R_O8vtYPkJ5O7cNgJ",3,6,TRUE,100,FALSE,TRUE,TRUE,"included"
"R_OClIqfQw9wyZvTr",3,6,TRUE,100,FALSE,TRUE,TRUE,"included"
"R_ODOD1S9mLs34seZ",3,6,TRUE,100,FALSE,TRUE,TRUE,"included"
"R_OcB9PRFFyOVbmcF",3,6,TRUE,100,FALSE,TRUE,TRUE,"included"
"R_OfePpgzOtHqVu4V",3,6,TRUE,100,FALSE,TRUE,TRUE,"included"
"R_Og4jV1seJLG5IMV",3,6,TRUE,100,FALSE,TRUE,TRUE,"included"
"R_OuS5S9qIEd07z6V",3,6,TRUE,100,FALSE,TRUE,TRUE,"included"
"R_OxrJH75DLzEWre1",3,6,TRUE,100,FALSE,TRUE,TRUE,"included"
"R_PAFlveS3Z0ZMNPP",3,6,TRUE,100,FALSE,TRUE,TRUE,"included"
"R_PB7NFcPC9kNwt4B",3,6,TRUE,100,FALSE,TRUE,TRUE,"included"
"R_PG2XYXGPQUCKA9P",3,6,TRUE,100,FALSE,TRUE,TRUE,"included"
"R_PG36i07epTL5pV7",3,6,TRUE,100,FALSE,TRUE,TRUE,"included"
"R_PGObWmcfdiCdjHP",3,6,TRUE,100,FALSE,TRUE,TRUE,"included"
"R_PXOpIi4YZNOst6p",3,6,TRUE,100,FALSE,TRUE,TRUE,"included"
"R_PYeHCCUjnThg2Xv",3,6,TRUE,100,TRUE,FALSE,FALSE,"invalid_primary_gender+age+income+education+party+region+employment"
"R_PYj685e8zAy3PlT",3,6,TRUE,100,FALSE,TRUE,TRUE,"included"
"R_PYvB7ZCNsAiFLMJ",3,6,TRUE,100,FALSE,TRUE,TRUE,"included"
"R_Pvtewe3OAZqG6rf",3,6,TRUE,100,FALSE,TRUE,TRUE,"included"
"R_PwBFYHkJaGpLF3H",3,6,TRUE,100,FALSE,TRUE,TRUE,"included"
"R_Q5JRYmXmiCbEWyd",3,6,TRUE,100,FALSE,TRUE,TRUE,"included"
"R_QiUKnN0CvNcAiMV",3,6,TRUE,100,FALSE,TRUE,TRUE,"included"
"R_R2zoXOYO7O5hyHD",3,6,FALSE,78,TRUE,FALSE,FALSE,"invalid_primary_gender+age+income+education+party+region+employment"
"R_R9sYCWj75YR7oQh",3,6,TRUE,100,FALSE,TRUE,TRUE,"included"
"R_RIhXK3o1XClfxDj",3,6,TRUE,100,FALSE,TRUE,TRUE,"included"
"R_RKwFhUJvuDUoqBz",3,6,TRUE,100,FALSE,TRUE,TRUE,"included"
"R_ROHXcU5ueYFPMnn",3,6,TRUE,100,FALSE,TRUE,TRUE,"included"
"R_RPLUI9XnWSv7c9b",3,6,TRUE,100,FALSE,TRUE,TRUE,"included"
"R_RUlss39JT5iaMlr",3,6,TRUE,100,FALSE,TRUE,TRUE,"included"
"R_RXpL5sgyRKmOcoh",3,6,TRUE,100,FALSE,TRUE,TRUE,"included"
"R_RfOOwsZp3C9Jbax",3,6,TRUE,100,FALSE,TRUE,TRUE,"included"
"R_RlWLXHjY4dgtK93",3,6,TRUE,100,FALSE,TRUE,TRUE,"included"
"R_Rnz6cwqKDH2IuEp",3,6,TRUE,100,FALSE,TRUE,TRUE,"included"
"R_RsnlbidBbo7Pp3H",3,6,TRUE,100,FALSE,TRUE,TRUE,"included"
"R_RwzY4TQC92JWRax",3,6,TRUE,100,FALSE,TRUE,TRUE,"included"
"R_SAJp4prLHNfz7q1",3,6,TRUE,100,FALSE,TRUE,TRUE,"included"
"R_SBjxhwy1GQyeZ57",3,6,TRUE,100,FALSE,TRUE,TRUE,"included"
"R_SCWKu5Z2gkJuL5f",3,6,TRUE,100,FALSE,TRUE,TRUE,"included"
"R_SJjAeQD1seDpMC5",3,6,TRUE,100,FALSE,TRUE,TRUE,"included"
"R_T1xAcfP8EdbdkCR",3,6,TRUE,100,FALSE,TRUE,TRUE,"included"
"R_Td49nwzHlWuUNcl",3,6,TRUE,100,FALSE,TRUE,TRUE,"included"
"R_Tiq85fiHUTjTRip",3,6,TRUE,100,FALSE,TRUE,TRUE,"included"
"R_TjvDZ61i2Wgg1DH",3,6,TRUE,100,FALSE,TRUE,TRUE,"included"
"R_UEWtAxmEJ6xAhfb",3,6,TRUE,100,FALSE,TRUE,TRUE,"included"
"R_UK1I77hhyJOjE3v",3,6,TRUE,100,FALSE,TRUE,TRUE,"included"
"R_ULWZ7dAcfQ5zwPf",3,6,TRUE,100,FALSE,TRUE,TRUE,"included"
"R_UQq4l1pUZvx0bQJ",3,6,TRUE,100,FALSE,TRUE,TRUE,"included"
"R_URy4skD4DPTg0JH",3,6,TRUE,100,FALSE,TRUE,TRUE,"included"
"R_USLoIb4ZyY4SmsN",3,6,TRUE,100,FALSE,TRUE,TRUE,"included"
"R_UYJvA9DjCeIaLRv",3,6,TRUE,100,FALSE,TRUE,TRUE,"included"
"R_UYZHN01Wy5bNMLT",3,6,TRUE,100,FALSE,TRUE,TRUE,"included"
"R_UaoBgFIK7mhycWB",3,6,TRUE,100,FALSE,TRUE,TRUE,"included"
"R_UawYhNjcSQ6GosF",3,6,TRUE,100,FALSE,TRUE,TRUE,"included"
"R_Ug2f7w4zWjgO8pz",3,6,TRUE,100,FALSE,TRUE,TRUE,"included"
"R_UlpVJ1ZCOxySuS5",3,6,TRUE,100,FALSE,TRUE,TRUE,"included"
"R_Uo9D8yGr0ejQYcV",3,6,TRUE,100,FALSE,TRUE,TRUE,"included"
"R_UolTTl8wj9GvjQR",3,6,TRUE,100,FALSE,TRUE,TRUE,"included"
"R_UouM2J44o49nGCJ",3,6,TRUE,100,FALSE,TRUE,TRUE,"included"
"R_Uubg5Dp1mHNhcoV",3,6,TRUE,100,FALSE,TRUE,TRUE,"included"
"R_VOpvcAUwdFrb33z",3,6,TRUE,100,FALSE,TRUE,TRUE,"included"
"R_VPhoDtKuzyfe2hX",3,6,TRUE,100,FALSE,TRUE,TRUE,"included"
"R_VW0U4W5iRgRLft7",3,6,TRUE,100,FALSE,TRUE,TRUE,"included"
"R_WAnYMUEomTXXVBf",3,6,TRUE,100,FALSE,TRUE,TRUE,"included"
"R_WBQK9C0xrScJWnf",3,6,TRUE,100,FALSE,TRUE,TRUE,"included"
"R_WiGhdE3ETkCdTCp",3,6,TRUE,100,FALSE,TRUE,TRUE,"included"
"R_WlCpvEdbWiU3yvL",3,6,TRUE,100,FALSE,TRUE,TRUE,"included"
"R_WoFT1azkHVZSCcx",3,6,TRUE,100,FALSE,TRUE,TRUE,"included"
"R_Wv3YMmXZhYIx5m1",3,6,TRUE,100,TRUE,FALSE,FALSE,"invalid_primary_gender+age+income+education+party+region+employment"
"R_Wv7crCS4YIeeE7v",3,6,TRUE,100,FALSE,TRUE,TRUE,"included"
"R_WxQD8PIzKhvUPHr",3,6,TRUE,100,FALSE,TRUE,TRUE,"included"
"R_XAGzSCZa78Hytax",3,6,TRUE,100,FALSE,TRUE,TRUE,"included"
"R_XI1RkVlC4oyWMSZ",3,6,TRUE,100,FALSE,TRUE,TRUE,"included"
"R_XLNBPA1dVtPGPvj",3,6,TRUE,100,FALSE,TRUE,TRUE,"included"
"R_XLYux23aowJXq8h",3,6,TRUE,100,FALSE,TRUE,TRUE,"included"
"R_XRDNj8KUk7vCN7b",3,6,TRUE,100,FALSE,TRUE,TRUE,"included"
"R_XS6C1QAgGabCQbD",3,6,TRUE,100,FALSE,TRUE,TRUE,"included"
"R_XSdP4VAyBOB45S9",3,6,TRUE,100,FALSE,TRUE,TRUE,"included"
"R_XTztM7i7lZ8JUCl",3,6,TRUE,100,FALSE,TRUE,TRUE,"included"
"R_XZXGQyHEi3PkIgx",3,6,TRUE,100,FALSE,TRUE,TRUE,"included"
"R_XZho1GGOGSABwkN",3,6,TRUE,100,FALSE,TRUE,TRUE,"included"
"R_XigpqUEhTPWIQPn",3,6,TRUE,100,FALSE,TRUE,TRUE,"included"
"R_Xn5aSNW4drOgnPH",3,6,TRUE,100,FALSE,TRUE,TRUE,"included"
"R_XofojpgAFgJVnjz",3,6,TRUE,100,FALSE,TRUE,TRUE,"included"
"R_Xomvdu0mWt8AxeV",3,6,TRUE,100,FALSE,TRUE,TRUE,"included"
"R_XuknyYEOtcF6AQp",3,6,TRUE,100,FALSE,TRUE,TRUE,"included"
"R_XzFTSfwdZkObRHr",3,6,TRUE,100,FALSE,TRUE,TRUE,"included"
"R_Y46hYlzIGndfP2x",3,6,TRUE,100,FALSE,TRUE,TRUE,"included"
"R_Y5lvjmHzbVyxk3v",3,6,TRUE,100,FALSE,TRUE,TRUE,"included"
"R_Y5n1fyUVnF8OGrv",3,6,TRUE,100,FALSE,TRUE,TRUE,"included"
"R_Y9LDDbTfxhtB6Bb",3,6,TRUE,100,FALSE,TRUE,TRUE,"included"
"R_YPSKp8JwfowhVhD",3,6,TRUE,100,FALSE,TRUE,TRUE,"included"
"R_YRZnPChQug8N8fD",3,6,TRUE,100,FALSE,TRUE,TRUE,"included"
"R_YXle4WrDqhj8QA9",3,6,TRUE,100,FALSE,TRUE,TRUE,"included"
"R_YaHVHCVfCGRvSH7",3,6,TRUE,100,FALSE,TRUE,TRUE,"included"
"R_Z1t4kLtzkauk9jz",3,6,TRUE,100,FALSE,TRUE,TRUE,"included"
"R_Z9akLyxJS1cqCoF",3,6,TRUE,100,FALSE,TRUE,TRUE,"included"
"R_ZDkTepumoWfUssV",3,6,TRUE,100,FALSE,TRUE,TRUE,"included"
"R_ZKyO3AjbLskJBpD",3,6,TRUE,100,FALSE,TRUE,TRUE,"included"
"R_ZLa3VlCmTh4y16p",3,6,TRUE,100,FALSE,TRUE,TRUE,"included"
"R_Zemx4nith0B9B05",3,6,TRUE,100,FALSE,TRUE,TRUE,"included"
"R_ZfuEuSpKHRKHqdH",3,6,TRUE,100,FALSE,TRUE,TRUE,"included"
"R_ZgzRq4Zyq6tucDv",3,6,TRUE,100,FALSE,TRUE,TRUE,"included"
"R_ZpGRxLdglshqG2Z",3,6,TRUE,100,FALSE,TRUE,TRUE,"included"
"R_a3LbBEbMN7vvc7D",3,6,TRUE,100,FALSE,TRUE,TRUE,"included"
"R_a4ph5BxZq5xDb45",3,6,TRUE,100,FALSE,TRUE,TRUE,"included"
"R_aaS2427lRNpFUaJ",3,6,TRUE,100,FALSE,TRUE,TRUE,"included"
"R_aaWI13gxQlQEdCp",3,6,TRUE,100,FALSE,TRUE,TRUE,"included"
"R_aeJUctqpuEZ1oXP",3,6,TRUE,100,FALSE,TRUE,TRUE,"included"
"R_ahCz7dBj4f7mSSl",3,6,TRUE,100,FALSE,TRUE,TRUE,"included"
"R_bEJQWQRxcebRptL",3,6,TRUE,100,FALSE,TRUE,TRUE,"included"
"R_bHQpF3IE82LdpJj",3,6,TRUE,100,FALSE,TRUE,TRUE,"included"
"R_bIxwgL1udWSy3kJ",3,6,TRUE,100,FALSE,FALSE,FALSE,"invalid_primary_party"
"R_bOgzgFBgby3THvX",3,6,TRUE,100,FALSE,TRUE,TRUE,"included"
"R_bPkSoemdhx5hDqh",3,6,TRUE,100,FALSE,TRUE,TRUE,"included"
"R_bQTAfPzyCrsSs7f",3,6,TRUE,100,FALSE,TRUE,TRUE,"included"
"R_be0D32EiD1uVduN",3,6,TRUE,100,FALSE,TRUE,TRUE,"included"
"R_bwO2TStOtBbA1ln",3,6,TRUE,100,FALSE,TRUE,TRUE,"included"
"R_cBKwEh4yh6JPqSJ",3,6,TRUE,100,FALSE,TRUE,TRUE,"included"
"R_cC88FmAAGiL84CJ",3,6,TRUE,100,FALSE,TRUE,TRUE,"included"
"R_cHKuh8PewBQAgQ9",3,6,TRUE,100,FALSE,TRUE,TRUE,"included"
"R_cPfWBQWaOzEPjoZ",3,6,TRUE,100,FALSE,TRUE,TRUE,"included"
"R_cYiIU0ZpTIdONQ5",3,6,TRUE,100,FALSE,TRUE,TRUE,"included"
"R_cuMKnOych5J83tv",3,6,TRUE,100,FALSE,TRUE,TRUE,"included"
"R_cuRERJ5lf6Qby1P",3,6,TRUE,100,FALSE,TRUE,TRUE,"included"
"R_czLXjnCVcfnHs69",3,6,TRUE,100,FALSE,TRUE,TRUE,"included"
"R_d075bPmS8Tcr05z",3,6,TRUE,100,FALSE,FALSE,FALSE,"invalid_primary_party"
"R_d145E9FwS4K8D8R",3,6,TRUE,100,FALSE,TRUE,TRUE,"included"
"R_d6dgxs5hcpeHitH",3,6,TRUE,100,TRUE,FALSE,FALSE,"invalid_primary_gender+age+income+education+party+region+employment"
"R_daNfEzLSnj5rBAZ",3,6,TRUE,100,FALSE,TRUE,TRUE,"included"
"R_djveTgKGtjTy2Wd",3,6,TRUE,100,FALSE,TRUE,TRUE,"included"
"R_dnUrTluZfI0xgyJ",3,6,TRUE,100,FALSE,TRUE,TRUE,"included"
"R_e3wb0IVBo9U6B8J",2,4,FALSE,50,TRUE,FALSE,FALSE,"fewer_than_three_tasks"
"R_eECHtwLV5K7CX4Z",3,6,TRUE,100,FALSE,TRUE,TRUE,"included"
"R_eJmT4Smm2xqi1kl",3,6,TRUE,100,FALSE,TRUE,TRUE,"included"
"R_eQdPY09OcfMcBJD",3,6,TRUE,100,FALSE,TRUE,TRUE,"included"
"R_eRngCH9EaM9wa4N",3,6,TRUE,100,FALSE,TRUE,TRUE,"included"
"R_eWJh5fGKSjNJdqp",3,6,TRUE,100,FALSE,TRUE,TRUE,"included"
"R_egJ8aelVVb8mcZX",3,6,TRUE,100,FALSE,TRUE,TRUE,"included"
"R_ehutOY7hWMaXgQ5",3,6,TRUE,100,FALSE,TRUE,TRUE,"included"
"R_ewH1kQjpvpUk2qd",3,6,TRUE,100,FALSE,TRUE,TRUE,"included"
"R_exQpXXxW4Jk2o5X",3,6,TRUE,100,FALSE,TRUE,TRUE,"included"
"R_oZAGBNmM07TGFuV",3,6,TRUE,100,FALSE,TRUE,TRUE,"included"
"R_p0nc8Dreu2wg7ap",3,6,TRUE,100,FALSE,TRUE,TRUE,"included"
"R_p3ivmXq6grooC5P",3,6,TRUE,100,FALSE,TRUE,TRUE,"included"
"R_p4WNkTum8RsTmrn",3,6,TRUE,100,FALSE,TRUE,TRUE,"included"
"R_p60GCkQFa1F1pvj",3,6,TRUE,100,FALSE,TRUE,TRUE,"included"
"R_pAdhVhNFRuiv9p7",3,6,TRUE,100,FALSE,TRUE,TRUE,"included"
"R_pEP0nbauOQaR9pT",3,6,TRUE,100,FALSE,TRUE,TRUE,"included"
"R_pFvlpHg0kzzJO4V",3,6,TRUE,100,FALSE,TRUE,TRUE,"included"
"R_pKOkPGPakKX3DsB",3,6,TRUE,100,FALSE,TRUE,TRUE,"included"
"R_pPHpBhX28e3DMCR",3,6,TRUE,100,FALSE,TRUE,TRUE,"included"
"R_pT3sw6MbSGdlOUx",3,6,TRUE,100,TRUE,FALSE,FALSE,"invalid_primary_gender+age+income+education+party+region+employment"
"R_pgvmPJNsUSwEoRH",3,6,TRUE,100,FALSE,TRUE,TRUE,"included"
"R_ps01AQYgKsFC4ZH",3,6,TRUE,100,FALSE,TRUE,TRUE,"included"
"R_pt87Iehxmz7qnEl",3,6,TRUE,100,FALSE,TRUE,TRUE,"included"
"R_qITJ3HMRLameTvj",3,6,TRUE,100,FALSE,TRUE,TRUE,"included"
"R_qOdl25NMiYRMuFH",3,6,TRUE,100,FALSE,TRUE,TRUE,"included"
"R_qWQGmITTzDs6oJH",3,6,TRUE,100,FALSE,TRUE,TRUE,"included"
"R_qyIF2PasUDY6EBr",3,6,TRUE,100,FALSE,TRUE,TRUE,"included"
"R_r0inOVFtgJdqqJP",3,6,TRUE,100,FALSE,TRUE,TRUE,"included"
"R_r1nrx1APHk1EX3H",3,6,TRUE,100,FALSE,TRUE,TRUE,"included"
"R_r7qabWm1Mjt81YB",3,6,TRUE,100,FALSE,TRUE,TRUE,"included"
"R_r9gBvY6jY3pdpvP",3,6,TRUE,100,FALSE,TRUE,TRUE,"included"
"R_reu9WupH3Agphh7",3,6,TRUE,100,FALSE,TRUE,TRUE,"included"
"R_riM1XkInGVyQlrz",3,6,TRUE,100,FALSE,TRUE,TRUE,"included"
"R_rlPegsDNBBb8IWl",3,6,TRUE,100,FALSE,TRUE,TRUE,"included"
"R_s5W7bj6TMzYi6ch",3,6,TRUE,100,FALSE,TRUE,TRUE,"included"
"R_s5tHky2vs6lELMR",3,6,TRUE,100,FALSE,TRUE,TRUE,"included"
"R_sBTEXlIzpE4vSTL",3,6,TRUE,100,FALSE,TRUE,TRUE,"included"
"R_sEYi4QZOldTnMWZ",3,6,TRUE,100,FALSE,TRUE,TRUE,"included"
"R_sG3nrxCc6CH7eF3",3,6,TRUE,100,FALSE,TRUE,TRUE,"included"
"R_sGRjBhyIdQ18ZMZ",3,6,TRUE,100,FALSE,TRUE,TRUE,"included"
"R_sI1j4c8ap6M72NP",3,6,TRUE,100,FALSE,TRUE,TRUE,"included"
"R_sMw1JF5vTw5fPqN",3,6,TRUE,100,FALSE,TRUE,TRUE,"included"
"R_sbQeqVn8Hv4ga2t",3,6,TRUE,100,FALSE,TRUE,TRUE,"included"
"R_sbr0cbdOCVeRIJP",3,6,TRUE,100,FALSE,TRUE,TRUE,"included"
"R_sdN6YY3YsHW8gO5",3,6,TRUE,100,FALSE,TRUE,TRUE,"included"
"R_sjsjTqrqMdFNGdH",3,6,TRUE,100,FALSE,TRUE,TRUE,"included"
"R_sth8tDjySfAYRax",3,6,TRUE,100,FALSE,TRUE,TRUE,"included"
"R_su3XPaXYdBPurBv",3,6,TRUE,100,FALSE,TRUE,TRUE,"included"
"R_sun3SVNBkCNvLjP",3,6,TRUE,100,FALSE,TRUE,TRUE,"included"
"R_t0pwfxvf0HroV5T",3,6,TRUE,100,TRUE,FALSE,FALSE,"invalid_primary_gender+age+income+education+party+region+employment"
"R_tMMqXgmSZ4GKqJz",3,6,TRUE,100,FALSE,TRUE,TRUE,"included"
"R_tRPA39CWnr7a8bn",3,6,FALSE,78,TRUE,FALSE,FALSE,"invalid_primary_gender+age+income+education+party+region+employment"
"R_u1vkqr44pDqeFWx",3,6,TRUE,100,FALSE,TRUE,TRUE,"included"
"R_u1yz7hnTSGunsFr",3,6,TRUE,100,FALSE,TRUE,TRUE,"included"
"R_u2gDDcpwykvRkfD",3,6,TRUE,100,FALSE,TRUE,TRUE,"included"
"R_ua0UzIqSxAmCusN",3,6,TRUE,100,FALSE,TRUE,TRUE,"included"
"R_ulyaboxpSaxsHIt",3,6,TRUE,100,FALSE,TRUE,TRUE,"included"
"R_umoJwZBK05CSWCR",3,6,TRUE,100,FALSE,TRUE,TRUE,"included"
"R_uqWqMK3QtDvmXo5",3,6,TRUE,100,FALSE,TRUE,TRUE,"included"
"R_us2MJ4lSQCpK1Jn",3,6,TRUE,100,FALSE,TRUE,TRUE,"included"
"R_uss7NAdyLc67Ohj",3,6,TRUE,100,FALSE,TRUE,TRUE,"included"
"R_vBoqOFBqUBuZO5b",3,6,TRUE,100,FALSE,TRUE,TRUE,"included"
"R_vBwKbtQe8la8jGF",3,6,TRUE,100,FALSE,TRUE,TRUE,"included"
"R_vDNkLJTotr4LjPj",3,6,TRUE,100,FALSE,TRUE,TRUE,"included"
"R_vSHf9Vv1lc7WDwB",3,6,TRUE,100,FALSE,TRUE,TRUE,"included"
"R_vV6NWvLTiMsFIWJ",3,6,TRUE,100,FALSE,TRUE,TRUE,"included"
"R_vc1bKYuC8HHh9a9",3,6,TRUE,100,FALSE,TRUE,TRUE,"included"
"R_vdYebUM3O32rIIx",3,6,TRUE,100,FALSE,TRUE,TRUE,"included"
"R_vf3nAeRn2iQtvMJ",3,6,TRUE,100,FALSE,TRUE,TRUE,"included"
"R_vfpW8HZcg4a3t3H",3,6,TRUE,100,FALSE,TRUE,TRUE,"included"
"R_viViFLUXTvBNjc5",3,6,TRUE,100,FALSE,TRUE,TRUE,"included"
"R_vk0LkwX4csqRYVH",3,6,TRUE,100,FALSE,TRUE,TRUE,"included"
"R_vuX62WcvgZuEMxz",3,6,TRUE,100,FALSE,TRUE,TRUE,"included"
"R_vwOyCL6EG8bn7s5",3,6,TRUE,100,FALSE,TRUE,TRUE,"included"
"R_vwPV2mbIfgneVQB",3,6,TRUE,100,FALSE,TRUE,TRUE,"included"
"R_w0l6jauXyFL9OW5",3,6,TRUE,100,FALSE,TRUE,TRUE,"included"
"R_w1cgPLE72Tsbti9",3,6,TRUE,100,FALSE,TRUE,TRUE,"included"
"R_wL7v3w90MxGvuyB",3,6,TRUE,100,FALSE,TRUE,TRUE,"included"
"R_wNO2WyEMaUxJGPT",3,6,TRUE,100,FALSE,TRUE,TRUE,"included"
"R_wNqR11GeYpVrkTD",3,6,TRUE,100,FALSE,TRUE,TRUE,"included"
"R_wTdnFqNQbF5zpFT",3,6,TRUE,100,FALSE,TRUE,TRUE,"included"
"R_wTyPZKHUhDGrmIV",3,6,TRUE,100,FALSE,TRUE,TRUE,"included"
"R_wYPrGKNL4iksiLn",3,6,TRUE,100,TRUE,FALSE,FALSE,"invalid_primary_gender+age+income+education+party+region+employment"
"R_x0lvvYKu0Mkx4Wd",3,6,TRUE,100,FALSE,TRUE,TRUE,"included"
"R_x3GSkx4cJ81rymd",3,6,TRUE,100,FALSE,TRUE,TRUE,"included"
"R_x49dpw33kWfiINP",3,6,TRUE,100,FALSE,TRUE,TRUE,"included"
"R_x9Fuod07wyG3shb",3,6,TRUE,100,FALSE,TRUE,TRUE,"included"
"R_x9mycgleqZfS4Ol",3,6,TRUE,100,FALSE,TRUE,TRUE,"included"
"R_xDXl94F72lnNVhn",3,6,TRUE,100,FALSE,TRUE,TRUE,"included"
"R_xElNwM1ImExZIJz",3,6,TRUE,100,FALSE,TRUE,TRUE,"included"
"R_xFw9p5HHnR7V8VH",3,6,TRUE,100,FALSE,TRUE,TRUE,"included"
"R_xGzqCgJ81daIC3L",3,6,TRUE,100,FALSE,TRUE,TRUE,"included"
"R_xbX1edg9tHS2MAV",3,6,TRUE,100,FALSE,TRUE,TRUE,"included"
"R_xbi07TX67Xpe1fX",3,6,TRUE,100,FALSE,TRUE,TRUE,"included"
"R_xhLaMUfXHbRy1Ox",3,6,TRUE,100,FALSE,TRUE,TRUE,"included"
"R_xnHXRlJr6wDyNhv",3,6,TRUE,100,FALSE,TRUE,TRUE,"included"
"R_xroVdwkr2ejSeTn",3,6,TRUE,100,FALSE,TRUE,TRUE,"included"
"R_xuBUR7SkcWvHrUd",3,6,TRUE,100,FALSE,TRUE,TRUE,"included"
"R_yCMife1Y0No5ibT",3,6,TRUE,100,FALSE,TRUE,TRUE,"included"
"R_yDePXPRRjynjeSZ",3,6,TRUE,100,FALSE,TRUE,TRUE,"included"
"R_yJTPBdjUhdFPdU5",3,6,TRUE,100,FALSE,TRUE,TRUE,"included"
"R_yO4ADUfUbpCnfwt",3,6,TRUE,100,FALSE,TRUE,TRUE,"included"
"R_yqZ9qSQbCctaBjP",3,6,TRUE,100,FALSE,TRUE,TRUE,"included"
"R_zSF1RkggRbfe2VH",3,6,TRUE,100,FALSE,TRUE,TRUE,"included"
"R_zZ27GBA9VxagtK9",3,6,TRUE,100,FALSE,TRUE,TRUE,"included"
"R_zbNCcSIKEuf110R",3,6,TRUE,100,FALSE,TRUE,TRUE,"included"
"R_zbR4yE0aGVcyDzX",3,6,TRUE,100,FALSE,TRUE,TRUE,"included"
"R_zcDdNF3pznYgdDr",3,6,TRUE,100,FALSE,TRUE,TRUE,"included"
